fill	x	y	clickSelects	group	xmin	xmax	ymin	ymax	colour	size
#C1E4F4	0.0955466345954355	0.0857858870703365	1-1	1	0.077532559033062	0.113560710157809	0.0677782317283349	0.103793542412338	#C1E4F4	0
#BBE1F3	0.0955466345954355	0.409923683226371	1-10	2	0.077532559033062	0.113560710157809	0.39191602788437	0.427931338568373	#BBE1F3	0
#B7E0F2	0.0955466345954355	0.445938993910375	1-11	3	0.077532559033062	0.113560710157809	0.427931338568374	0.463946649252377	#B7E0F2	0
#A9DAF0	0.0955466345954355	0.481954304594379	1-12	4	0.077532559033062	0.113560710157809	0.463946649252378	0.499961959936381	#A9DAF0	0
#A9DAF0	0.0955466345954355	0.517969615278383	1-13	5	0.077532559033062	0.113560710157809	0.499961959936382	0.535977270620385	#A9DAF0	0
#A5D9EF	0.0955466345954355	0.553984925962387	1-14	6	0.077532559033062	0.113560710157809	0.535977270620386	0.571992581304389	#A5D9EF	0
#AEDCF1	0.0955466345954355	0.590000236646391	1-15	7	0.077532559033062	0.113560710157809	0.571992581304389	0.608007891988392	#AEDCF1	0
#B0DDF1	0.0955466345954355	0.626015547330395	1-16	8	0.077532559033062	0.113560710157809	0.608007891988394	0.644023202672397	#B0DDF1	0
#B7E0F2	0.0955466345954355	0.662030858014399	1-17	9	0.077532559033062	0.113560710157809	0.644023202672397	0.6800385133564	#B7E0F2	0
#BBE1F3	0.0955466345954355	0.698046168698402	1-18	10	0.077532559033062	0.113560710157809	0.6800385133564	0.716053824040404	#BBE1F3	0
#B7E0F2	0.0955466345954355	0.734061479382407	1-19	11	0.077532559033062	0.113560710157809	0.716053824040405	0.752069134724408	#B7E0F2	0
#CBE8F6	0.0955466345954355	0.12180119775434	1-2	12	0.077532559033062	0.113560710157809	0.103793542412338	0.139808853096341	#CBE8F6	0
#ADDCF0	0.0955466345954355	0.77007679006641	1-20	13	0.077532559033062	0.113560710157809	0.752069134724408	0.788084445408411	#ADDCF0	0
#ABDBF0	0.0955466345954355	0.806092100750415	1-21	14	0.077532559033062	0.113560710157809	0.788084445408413	0.824099756092416	#ABDBF0	0
#A8DAF0	0.0955466345954355	0.842107411434418	1-22	15	0.077532559033062	0.113560710157809	0.824099756092416	0.860115066776419	#A8DAF0	0
#ACDBF0	0.0955466345954355	0.878122722118423	1-23	16	0.077532559033062	0.113560710157809	0.860115066776421	0.896130377460424	#ACDBF0	0
#ADDCF0	0.0955466345954355	0.914138032802426	1-24	17	0.077532559033062	0.113560710157809	0.896130377460424	0.932145688144427	#ADDCF0	0
#CFEAF6	0.0955466345954355	0.157816508438344	1-3	18	0.077532559033062	0.113560710157809	0.139808853096343	0.175824163780346	#CFEAF6	0
#D7EDF8	0.0955466345954355	0.193831819122348	1-4	19	0.077532559033062	0.113560710157809	0.175824163780346	0.211839474464349	#D7EDF8	0
#D2EBF7	0.0955466345954355	0.229847129806352	1-5	20	0.077532559033062	0.113560710157809	0.211839474464351	0.247854785148354	#D2EBF7	0
#BCE2F3	0.0955466345954355	0.265862440490356	1-6	21	0.077532559033062	0.113560710157809	0.247854785148354	0.283870095832358	#BCE2F3	0
#BCE2F3	0.0955466345954355	0.30187775117436	1-7	22	0.077532559033062	0.113560710157809	0.283870095832358	0.319885406516361	#BCE2F3	0
#BEE3F3	0.0955466345954355	0.337893061858364	1-8	23	0.077532559033062	0.113560710157809	0.319885406516362	0.355900717200365	#BEE3F3	0
#C3E5F4	0.0955466345954355	0.373908372542368	1-9	24	0.077532559033062	0.113560710157809	0.355900717200366	0.391916027884369	#C3E5F4	0
#E5F3FA	0.419799994718191	0.0857858870703365	10-1	25	0.401785919155818	0.437814070280565	0.0677782317283349	0.103793542412338	#E5F3FA	0
#C5E6F4	0.419799994718191	0.409923683226371	10-10	26	0.401785919155818	0.437814070280565	0.39191602788437	0.427931338568373	#C5E6F4	0
#B3DEF1	0.419799994718191	0.445938993910375	10-11	27	0.401785919155818	0.437814070280565	0.427931338568374	0.463946649252377	#B3DEF1	0
#AEDCF1	0.419799994718191	0.481954304594379	10-12	28	0.401785919155818	0.437814070280565	0.463946649252378	0.499961959936381	#AEDCF1	0
#B1DDF1	0.419799994718191	0.517969615278383	10-13	29	0.401785919155818	0.437814070280565	0.499961959936382	0.535977270620385	#B1DDF1	0
#AEDCF1	0.419799994718191	0.553984925962387	10-14	30	0.401785919155818	0.437814070280565	0.535977270620386	0.571992581304389	#AEDCF1	0
#A3D8EF	0.419799994718191	0.590000236646391	10-15	31	0.401785919155818	0.437814070280565	0.571992581304389	0.608007891988392	#A3D8EF	0
#9AD5ED	0.419799994718191	0.626015547330395	10-16	32	0.401785919155818	0.437814070280565	0.608007891988394	0.644023202672397	#9AD5ED	0
#9ED6EE	0.419799994718191	0.662030858014399	10-17	33	0.401785919155818	0.437814070280565	0.644023202672397	0.6800385133564	#9ED6EE	0
#9BD5EE	0.419799994718191	0.698046168698402	10-18	34	0.401785919155818	0.437814070280565	0.6800385133564	0.716053824040404	#9BD5EE	0
#ADDCF0	0.419799994718191	0.734061479382407	10-19	35	0.401785919155818	0.437814070280565	0.716053824040405	0.752069134724408	#ADDCF0	0
#EEF7FC	0.419799994718191	0.12180119775434	10-2	36	0.401785919155818	0.437814070280565	0.103793542412338	0.139808853096341	#EEF7FC	0
#A8DAF0	0.419799994718191	0.77007679006641	10-20	37	0.401785919155818	0.437814070280565	0.752069134724408	0.788084445408411	#A8DAF0	0
#A7D9EF	0.419799994718191	0.806092100750415	10-21	38	0.401785919155818	0.437814070280565	0.788084445408413	0.824099756092416	#A7D9EF	0
#9ED6EE	0.419799994718191	0.842107411434418	10-22	39	0.401785919155818	0.437814070280565	0.824099756092416	0.860115066776419	#9ED6EE	0
#9FD7EE	0.419799994718191	0.878122722118423	10-23	40	0.401785919155818	0.437814070280565	0.860115066776421	0.896130377460424	#9FD7EE	0
#A3D8EF	0.419799994718191	0.914138032802426	10-24	41	0.401785919155818	0.437814070280565	0.896130377460424	0.932145688144427	#A3D8EF	0
#F5FAFD	0.419799994718191	0.157816508438344	10-3	42	0.401785919155818	0.437814070280565	0.139808853096343	0.175824163780346	#F5FAFD	0
#F6FBFD	0.419799994718191	0.193831819122348	10-4	43	0.401785919155818	0.437814070280565	0.175824163780346	0.211839474464349	#F6FBFD	0
#FAFDFE	0.419799994718191	0.229847129806352	10-5	44	0.401785919155818	0.437814070280565	0.211839474464351	0.247854785148354	#FAFDFE	0
#FCFDFE	0.419799994718191	0.265862440490356	10-6	45	0.401785919155818	0.437814070280565	0.247854785148354	0.283870095832358	#FCFDFE	0
#E9F5FB	0.419799994718191	0.30187775117436	10-7	46	0.401785919155818	0.437814070280565	0.283870095832358	0.319885406516361	#E9F5FB	0
#D1EAF6	0.419799994718191	0.337893061858364	10-8	47	0.401785919155818	0.437814070280565	0.319885406516362	0.355900717200365	#D1EAF6	0
#C7E7F5	0.419799994718191	0.373908372542368	10-9	48	0.401785919155818	0.437814070280565	0.355900717200366	0.391916027884369	#C7E7F5	0
#E5F3FA	0.455828145842943	0.0857858870703365	11-1	49	0.437814070280569	0.473842221405316	0.0677782317283349	0.103793542412338	#E5F3FA	0
#C6E6F5	0.455828145842943	0.409923683226371	11-10	50	0.437814070280569	0.473842221405316	0.39191602788437	0.427931338568373	#C6E6F5	0
#B0DDF1	0.455828145842943	0.445938993910375	11-11	51	0.437814070280569	0.473842221405316	0.427931338568374	0.463946649252377	#B0DDF1	0
#ACDBF0	0.455828145842943	0.481954304594379	11-12	52	0.437814070280569	0.473842221405316	0.463946649252378	0.499961959936381	#ACDBF0	0
#B1DDF1	0.455828145842943	0.517969615278383	11-13	53	0.437814070280569	0.473842221405316	0.499961959936382	0.535977270620385	#B1DDF1	0
#B2DEF1	0.455828145842943	0.553984925962387	11-14	54	0.437814070280569	0.473842221405316	0.535977270620386	0.571992581304389	#B2DEF1	0
#9ED6EE	0.455828145842943	0.590000236646391	11-15	55	0.437814070280569	0.473842221405316	0.571992581304389	0.608007891988392	#9ED6EE	0
#9AD5ED	0.455828145842943	0.626015547330395	11-16	56	0.437814070280569	0.473842221405316	0.608007891988394	0.644023202672397	#9AD5ED	0
#9ED6EE	0.455828145842943	0.662030858014399	11-17	57	0.437814070280569	0.473842221405316	0.644023202672397	0.6800385133564	#9ED6EE	0
#9BD5EE	0.455828145842943	0.698046168698402	11-18	58	0.437814070280569	0.473842221405316	0.6800385133564	0.716053824040404	#9BD5EE	0
#AEDCF1	0.455828145842943	0.734061479382407	11-19	59	0.437814070280569	0.473842221405316	0.716053824040405	0.752069134724408	#AEDCF1	0
#EDF7FB	0.455828145842943	0.12180119775434	11-2	60	0.437814070280569	0.473842221405316	0.103793542412338	0.139808853096341	#EDF7FB	0
#ABDBF0	0.455828145842943	0.77007679006641	11-20	61	0.437814070280569	0.473842221405316	0.752069134724408	0.788084445408411	#ABDBF0	0
#A7D9EF	0.455828145842943	0.806092100750415	11-21	62	0.437814070280569	0.473842221405316	0.788084445408413	0.824099756092416	#A7D9EF	0
#9CD5EE	0.455828145842943	0.842107411434418	11-22	63	0.437814070280569	0.473842221405316	0.824099756092416	0.860115066776419	#9CD5EE	0
#9DD6EE	0.455828145842943	0.878122722118423	11-23	64	0.437814070280569	0.473842221405316	0.860115066776421	0.896130377460424	#9DD6EE	0
#A2D8EF	0.455828145842943	0.914138032802426	11-24	65	0.437814070280569	0.473842221405316	0.896130377460424	0.932145688144427	#A2D8EF	0
#F5FAFD	0.455828145842943	0.157816508438344	11-3	66	0.437814070280569	0.473842221405316	0.139808853096343	0.175824163780346	#F5FAFD	0
#F7FBFD	0.455828145842943	0.193831819122348	11-4	67	0.437814070280569	0.473842221405316	0.175824163780346	0.211839474464349	#F7FBFD	0
#FFFFFF	0.455828145842943	0.229847129806352	11-5	68	0.437814070280569	0.473842221405316	0.211839474464351	0.247854785148354	#FFFFFF	0
#FCFDFE	0.455828145842943	0.265862440490356	11-6	69	0.437814070280569	0.473842221405316	0.247854785148354	0.283870095832358	#FCFDFE	0
#EBF6FB	0.455828145842943	0.30187775117436	11-7	70	0.437814070280569	0.473842221405316	0.283870095832358	0.319885406516361	#EBF6FB	0
#CEEAF6	0.455828145842943	0.337893061858364	11-8	71	0.437814070280569	0.473842221405316	0.319885406516362	0.355900717200365	#CEEAF6	0
#C9E7F5	0.455828145842943	0.373908372542368	11-9	72	0.437814070280569	0.473842221405316	0.355900717200366	0.391916027884369	#C9E7F5	0
#ECF6FB	0.491856296967693	0.0857858870703365	12-1	73	0.473842221405319	0.509870372530066	0.0677782317283349	0.103793542412338	#ECF6FB	0
#C3E5F4	0.491856296967693	0.409923683226371	12-10	74	0.473842221405319	0.509870372530066	0.39191602788437	0.427931338568373	#C3E5F4	0
#ABDBF0	0.491856296967693	0.445938993910375	12-11	75	0.473842221405319	0.509870372530066	0.427931338568374	0.463946649252377	#ABDBF0	0
#AEDCF1	0.491856296967693	0.481954304594379	12-12	76	0.473842221405319	0.509870372530066	0.463946649252378	0.499961959936381	#AEDCF1	0
#B6DFF2	0.491856296967693	0.517969615278383	12-13	77	0.473842221405319	0.509870372530066	0.499961959936382	0.535977270620385	#B6DFF2	0
#A4D8EF	0.491856296967693	0.553984925962387	12-14	78	0.473842221405319	0.509870372530066	0.535977270620386	0.571992581304389	#A4D8EF	0
#A3D8EF	0.491856296967693	0.590000236646391	12-15	79	0.473842221405319	0.509870372530066	0.571992581304389	0.608007891988392	#A3D8EF	0
#A6D9EF	0.491856296967693	0.626015547330395	12-16	80	0.473842221405319	0.509870372530066	0.608007891988394	0.644023202672397	#A6D9EF	0
#B0DDF1	0.491856296967693	0.662030858014399	12-17	81	0.473842221405319	0.509870372530066	0.644023202672397	0.6800385133564	#B0DDF1	0
#A4D8EF	0.491856296967693	0.698046168698402	12-18	82	0.473842221405319	0.509870372530066	0.6800385133564	0.716053824040404	#A4D8EF	0
#B3DEF2	0.491856296967693	0.734061479382407	12-19	83	0.473842221405319	0.509870372530066	0.716053824040405	0.752069134724408	#B3DEF2	0
#F1F9FC	0.491856296967693	0.12180119775434	12-2	84	0.473842221405319	0.509870372530066	0.103793542412338	0.139808853096341	#F1F9FC	0
#B9E1F2	0.491856296967693	0.77007679006641	12-20	85	0.473842221405319	0.509870372530066	0.752069134724408	0.788084445408411	#B9E1F2	0
#AADAF0	0.491856296967693	0.806092100750415	12-21	86	0.473842221405319	0.509870372530066	0.788084445408413	0.824099756092416	#AADAF0	0
#9FD6EE	0.491856296967693	0.842107411434418	12-22	87	0.473842221405319	0.509870372530066	0.824099756092416	0.860115066776419	#9FD6EE	0
#9ED6EE	0.491856296967693	0.878122722118423	12-23	88	0.473842221405319	0.509870372530066	0.860115066776421	0.896130377460424	#9ED6EE	0
#A4D8EF	0.491856296967693	0.914138032802426	12-24	89	0.473842221405319	0.509870372530066	0.896130377460424	0.932145688144427	#A4D8EF	0
#F9FCFE	0.491856296967693	0.157816508438344	12-3	90	0.473842221405319	0.509870372530066	0.139808853096343	0.175824163780346	#F9FCFE	0
#FCFEFE	0.491856296967693	0.193831819122348	12-4	91	0.473842221405319	0.509870372530066	0.175824163780346	0.211839474464349	#FCFEFE	0
#FFFFFF	0.491856296967693	0.229847129806352	12-5	92	0.473842221405319	0.509870372530066	0.211839474464351	0.247854785148354	#FFFFFF	0
#FAFDFE	0.491856296967693	0.265862440490356	12-6	93	0.473842221405319	0.509870372530066	0.247854785148354	0.283870095832358	#FAFDFE	0
#E6F4FA	0.491856296967693	0.30187775117436	12-7	94	0.473842221405319	0.509870372530066	0.283870095832358	0.319885406516361	#E6F4FA	0
#CAE8F5	0.491856296967693	0.337893061858364	12-8	95	0.473842221405319	0.509870372530066	0.319885406516362	0.355900717200365	#CAE8F5	0
#C8E7F5	0.491856296967693	0.373908372542368	12-9	96	0.473842221405319	0.509870372530066	0.355900717200366	0.391916027884369	#C8E7F5	0
#EAF5FB	0.527884448092444	0.0857858870703365	13-1	97	0.509870372530071	0.545898523654818	0.0677782317283349	0.103793542412338	#EAF5FB	0
#C4E5F4	0.527884448092444	0.409923683226371	13-10	98	0.509870372530071	0.545898523654818	0.39191602788437	0.427931338568373	#C4E5F4	0
#ADDCF0	0.527884448092444	0.445938993910375	13-11	99	0.509870372530071	0.545898523654818	0.427931338568374	0.463946649252377	#ADDCF0	0
#ACDBF0	0.527884448092444	0.481954304594379	13-12	100	0.509870372530071	0.545898523654818	0.463946649252378	0.499961959936381	#ACDBF0	0
#AADAF0	0.527884448092444	0.517969615278383	13-13	101	0.509870372530071	0.545898523654818	0.499961959936382	0.535977270620385	#AADAF0	0
#ABDBF0	0.527884448092444	0.553984925962387	13-14	102	0.509870372530071	0.545898523654818	0.535977270620386	0.571992581304389	#ABDBF0	0
#A6D9EF	0.527884448092444	0.590000236646391	13-15	103	0.509870372530071	0.545898523654818	0.571992581304389	0.608007891988392	#A6D9EF	0
#A6D9EF	0.527884448092444	0.626015547330395	13-16	104	0.509870372530071	0.545898523654818	0.608007891988394	0.644023202672397	#A6D9EF	0
#AFDDF1	0.527884448092444	0.662030858014399	13-17	105	0.509870372530071	0.545898523654818	0.644023202672397	0.6800385133564	#AFDDF1	0
#ABDBF0	0.527884448092444	0.698046168698402	13-18	106	0.509870372530071	0.545898523654818	0.6800385133564	0.716053824040404	#ABDBF0	0
#AEDCF1	0.527884448092444	0.734061479382407	13-19	107	0.509870372530071	0.545898523654818	0.716053824040405	0.752069134724408	#AEDCF1	0
#F6FBFD	0.527884448092444	0.12180119775434	13-2	108	0.509870372530071	0.545898523654818	0.103793542412338	0.139808853096341	#F6FBFD	0
#B9E1F2	0.527884448092444	0.77007679006641	13-20	109	0.509870372530071	0.545898523654818	0.752069134724408	0.788084445408411	#B9E1F2	0
#ABDBF0	0.527884448092444	0.806092100750415	13-21	110	0.509870372530071	0.545898523654818	0.788084445408413	0.824099756092416	#ABDBF0	0
#9FD6EE	0.527884448092444	0.842107411434418	13-22	111	0.509870372530071	0.545898523654818	0.824099756092416	0.860115066776419	#9FD6EE	0
#9FD6EE	0.527884448092444	0.878122722118423	13-23	112	0.509870372530071	0.545898523654818	0.860115066776421	0.896130377460424	#9FD6EE	0
#A7D9EF	0.527884448092444	0.914138032802426	13-24	113	0.509870372530071	0.545898523654818	0.896130377460424	0.932145688144427	#A7D9EF	0
#FCFDFE	0.527884448092444	0.157816508438344	13-3	114	0.509870372530071	0.545898523654818	0.139808853096343	0.175824163780346	#FCFDFE	0
#FEFEFE	0.527884448092444	0.193831819122348	13-4	115	0.509870372530071	0.545898523654818	0.175824163780346	0.211839474464349	#FEFEFE	0
#7F7F7F	0.527884448092444	0.229847129806352	13-5	116	0.509870372530071	0.545898523654818	0.211839474464351	0.247854785148354	#7F7F7F	0
#F7FBFD	0.527884448092444	0.265862440490356	13-6	117	0.509870372530071	0.545898523654818	0.247854785148354	0.283870095832358	#F7FBFD	0
#E1F1F9	0.527884448092444	0.30187775117436	13-7	118	0.509870372530071	0.545898523654818	0.283870095832358	0.319885406516361	#E1F1F9	0
#C3E5F4	0.527884448092444	0.337893061858364	13-8	119	0.509870372530071	0.545898523654818	0.319885406516362	0.355900717200365	#C3E5F4	0
#C6E6F5	0.527884448092444	0.373908372542368	13-9	120	0.509870372530071	0.545898523654818	0.355900717200366	0.391916027884369	#C6E6F5	0
#E7F4FA	0.563912599217194	0.0857858870703365	14-1	121	0.54589852365482	0.581926674779567	0.0677782317283349	0.103793542412338	#E7F4FA	0
#C7E7F5	0.563912599217194	0.409923683226371	14-10	122	0.54589852365482	0.581926674779567	0.39191602788437	0.427931338568373	#C7E7F5	0
#B0DDF1	0.563912599217194	0.445938993910375	14-11	123	0.54589852365482	0.581926674779567	0.427931338568374	0.463946649252377	#B0DDF1	0
#ABDBF0	0.563912599217194	0.481954304594379	14-12	124	0.54589852365482	0.581926674779567	0.463946649252378	0.499961959936381	#ABDBF0	0
#9ED6EE	0.563912599217194	0.517969615278383	14-13	125	0.54589852365482	0.581926674779567	0.499961959936382	0.535977270620385	#9ED6EE	0
#BFE3F3	0.563912599217194	0.553984925962387	14-14	126	0.54589852365482	0.581926674779567	0.535977270620386	0.571992581304389	#BFE3F3	0
#BFE3F4	0.563912599217194	0.590000236646391	14-15	127	0.54589852365482	0.581926674779567	0.571992581304389	0.608007891988392	#BFE3F4	0
#AEDCF1	0.563912599217194	0.626015547330395	14-16	128	0.54589852365482	0.581926674779567	0.608007891988394	0.644023202672397	#AEDCF1	0
#ADDCF0	0.563912599217194	0.662030858014399	14-17	129	0.54589852365482	0.581926674779567	0.644023202672397	0.6800385133564	#ADDCF0	0
#A8DAF0	0.563912599217194	0.698046168698402	14-18	130	0.54589852365482	0.581926674779567	0.6800385133564	0.716053824040404	#A8DAF0	0
#A8DAF0	0.563912599217194	0.734061479382407	14-19	131	0.54589852365482	0.581926674779567	0.716053824040405	0.752069134724408	#A8DAF0	0
#F9FCFE	0.563912599217194	0.12180119775434	14-2	132	0.54589852365482	0.581926674779567	0.103793542412338	0.139808853096341	#F9FCFE	0
#ACDBF0	0.563912599217194	0.77007679006641	14-20	133	0.54589852365482	0.581926674779567	0.752069134724408	0.788084445408411	#ACDBF0	0
#A6D9EF	0.563912599217194	0.806092100750415	14-21	134	0.54589852365482	0.581926674779567	0.788084445408413	0.824099756092416	#A6D9EF	0
#ABDBF0	0.563912599217194	0.842107411434418	14-22	135	0.54589852365482	0.581926674779567	0.824099756092416	0.860115066776419	#ABDBF0	0
#9FD6EE	0.563912599217194	0.878122722118423	14-23	136	0.54589852365482	0.581926674779567	0.860115066776421	0.896130377460424	#9FD6EE	0
#A7D9EF	0.563912599217194	0.914138032802426	14-24	137	0.54589852365482	0.581926674779567	0.896130377460424	0.932145688144427	#A7D9EF	0
#FEFEFE	0.563912599217194	0.157816508438344	14-3	138	0.54589852365482	0.581926674779567	0.139808853096343	0.175824163780346	#FEFEFE	0
#7F7F7F	0.563912599217194	0.193831819122348	14-4	139	0.54589852365482	0.581926674779567	0.175824163780346	0.211839474464349	#7F7F7F	0
#7F7F7F	0.563912599217194	0.229847129806352	14-5	140	0.54589852365482	0.581926674779567	0.211839474464351	0.247854785148354	#7F7F7F	0
#ECF6FB	0.563912599217194	0.265862440490356	14-6	141	0.54589852365482	0.581926674779567	0.247854785148354	0.283870095832358	#ECF6FB	0
#C6E6F5	0.563912599217194	0.30187775117436	14-7	142	0.54589852365482	0.581926674779567	0.283870095832358	0.319885406516361	#C6E6F5	0
#AEDCF1	0.563912599217194	0.337893061858364	14-8	143	0.54589852365482	0.581926674779567	0.319885406516362	0.355900717200365	#AEDCF1	0
#BCE2F3	0.563912599217194	0.373908372542368	14-9	144	0.54589852365482	0.581926674779567	0.355900717200366	0.391916027884369	#BCE2F3	0
#E4F3FA	0.599940750341945	0.0857858870703365	15-1	145	0.581926674779572	0.617954825904319	0.0677782317283349	0.103793542412338	#E4F3FA	0
#A0D7EE	0.599940750341945	0.409923683226371	15-10	146	0.581926674779572	0.617954825904319	0.39191602788437	0.427931338568373	#A0D7EE	0
#AEDCF1	0.599940750341945	0.445938993910375	15-11	147	0.581926674779572	0.617954825904319	0.427931338568374	0.463946649252377	#AEDCF1	0
#ABDBF0	0.599940750341945	0.481954304594379	15-12	148	0.581926674779572	0.617954825904319	0.463946649252378	0.499961959936381	#ABDBF0	0
#A3D8EF	0.599940750341945	0.517969615278383	15-13	149	0.581926674779572	0.617954825904319	0.499961959936382	0.535977270620385	#A3D8EF	0
#BEE3F3	0.599940750341945	0.553984925962387	15-14	150	0.581926674779572	0.617954825904319	0.535977270620386	0.571992581304389	#BEE3F3	0
#BCE2F3	0.599940750341945	0.590000236646391	15-15	151	0.581926674779572	0.617954825904319	0.571992581304389	0.608007891988392	#BCE2F3	0
#AFDDF1	0.599940750341945	0.626015547330395	15-16	152	0.581926674779572	0.617954825904319	0.608007891988394	0.644023202672397	#AFDDF1	0
#ABDBF0	0.599940750341945	0.662030858014399	15-17	153	0.581926674779572	0.617954825904319	0.644023202672397	0.6800385133564	#ABDBF0	0
#A2D8EF	0.599940750341945	0.698046168698402	15-18	154	0.581926674779572	0.617954825904319	0.6800385133564	0.716053824040404	#A2D8EF	0
#A8DAF0	0.599940750341945	0.734061479382407	15-19	155	0.581926674779572	0.617954825904319	0.716053824040405	0.752069134724408	#A8DAF0	0
#F5FAFD	0.599940750341945	0.12180119775434	15-2	156	0.581926674779572	0.617954825904319	0.103793542412338	0.139808853096341	#F5FAFD	0
#AEDCF1	0.599940750341945	0.77007679006641	15-20	157	0.581926674779572	0.617954825904319	0.752069134724408	0.788084445408411	#AEDCF1	0
#B4DFF2	0.599940750341945	0.806092100750415	15-21	158	0.581926674779572	0.617954825904319	0.788084445408413	0.824099756092416	#B4DFF2	0
#B1DDF1	0.599940750341945	0.842107411434418	15-22	159	0.581926674779572	0.617954825904319	0.824099756092416	0.860115066776419	#B1DDF1	0
#A2D8EF	0.599940750341945	0.878122722118423	15-23	160	0.581926674779572	0.617954825904319	0.860115066776421	0.896130377460424	#A2D8EF	0
#A2D8EF	0.599940750341945	0.914138032802426	15-24	161	0.581926674779572	0.617954825904319	0.896130377460424	0.932145688144427	#A2D8EF	0
#FFFFFF	0.599940750341945	0.157816508438344	15-3	162	0.581926674779572	0.617954825904319	0.139808853096343	0.175824163780346	#FFFFFF	0
#FEFEFE	0.599940750341945	0.193831819122348	15-4	163	0.581926674779572	0.617954825904319	0.175824163780346	0.211839474464349	#FEFEFE	0
#C6E6F5	0.599940750341945	0.229847129806352	15-5	164	0.581926674779572	0.617954825904319	0.211839474464351	0.247854785148354	#C6E6F5	0
#D4ECF7	0.599940750341945	0.265862440490356	15-6	165	0.581926674779572	0.617954825904319	0.247854785148354	0.283870095832358	#D4ECF7	0
#A6D9EF	0.599940750341945	0.30187775117436	15-7	166	0.581926674779572	0.617954825904319	0.283870095832358	0.319885406516361	#A6D9EF	0
#99D4ED	0.599940750341945	0.337893061858364	15-8	167	0.581926674779572	0.617954825904319	0.319885406516362	0.355900717200365	#99D4ED	0
#99D4ED	0.599940750341945	0.373908372542368	15-9	168	0.581926674779572	0.617954825904319	0.355900717200366	0.391916027884369	#99D4ED	0
#E1F1F9	0.635968901466695	0.0857858870703365	16-1	169	0.617954825904322	0.653982977029069	0.0677782317283349	0.103793542412338	#E1F1F9	0
#95D3ED	0.635968901466695	0.409923683226371	16-10	170	0.617954825904322	0.653982977029069	0.39191602788437	0.427931338568373	#95D3ED	0
#97D3ED	0.635968901466695	0.445938993910375	16-11	171	0.617954825904322	0.653982977029069	0.427931338568374	0.463946649252377	#97D3ED	0
#95D3ED	0.635968901466695	0.481954304594379	16-12	172	0.617954825904322	0.653982977029069	0.463946649252378	0.499961959936381	#95D3ED	0
#A2D8EF	0.635968901466695	0.517969615278383	16-13	173	0.617954825904322	0.653982977029069	0.499961959936382	0.535977270620385	#A2D8EF	0
#ACDBF0	0.635968901466695	0.553984925962387	16-14	174	0.617954825904322	0.653982977029069	0.535977270620386	0.571992581304389	#ACDBF0	0
#AADAF0	0.635968901466695	0.590000236646391	16-15	175	0.617954825904322	0.653982977029069	0.571992581304389	0.608007891988392	#AADAF0	0
#A8DAF0	0.635968901466695	0.626015547330395	16-16	176	0.617954825904322	0.653982977029069	0.608007891988394	0.644023202672397	#A8DAF0	0
#ACDBF0	0.635968901466695	0.662030858014399	16-17	177	0.617954825904322	0.653982977029069	0.644023202672397	0.6800385133564	#ACDBF0	0
#A0D7EE	0.635968901466695	0.698046168698402	16-18	178	0.617954825904322	0.653982977029069	0.6800385133564	0.716053824040404	#A0D7EE	0
#A5D9EF	0.635968901466695	0.734061479382407	16-19	179	0.617954825904322	0.653982977029069	0.716053824040405	0.752069134724408	#A5D9EF	0
#F1F9FC	0.635968901466695	0.12180119775434	16-2	180	0.617954825904322	0.653982977029069	0.103793542412338	0.139808853096341	#F1F9FC	0
#B0DDF1	0.635968901466695	0.77007679006641	16-20	181	0.617954825904322	0.653982977029069	0.752069134724408	0.788084445408411	#B0DDF1	0
#B3DEF2	0.635968901466695	0.806092100750415	16-21	182	0.617954825904322	0.653982977029069	0.788084445408413	0.824099756092416	#B3DEF2	0
#B1DDF1	0.635968901466695	0.842107411434418	16-22	183	0.617954825904322	0.653982977029069	0.824099756092416	0.860115066776419	#B1DDF1	0
#ABDBF0	0.635968901466695	0.878122722118423	16-23	184	0.617954825904322	0.653982977029069	0.860115066776421	0.896130377460424	#ABDBF0	0
#A6D9EF	0.635968901466695	0.914138032802426	16-24	185	0.617954825904322	0.653982977029069	0.896130377460424	0.932145688144427	#A6D9EF	0
#F5FAFD	0.635968901466695	0.157816508438344	16-3	186	0.617954825904322	0.653982977029069	0.139808853096343	0.175824163780346	#F5FAFD	0
#A6D9EF	0.635968901466695	0.193831819122348	16-4	187	0.617954825904322	0.653982977029069	0.175824163780346	0.211839474464349	#A6D9EF	0
#99D4ED	0.635968901466695	0.229847129806352	16-5	188	0.617954825904322	0.653982977029069	0.211839474464351	0.247854785148354	#99D4ED	0
#97D3ED	0.635968901466695	0.265862440490356	16-6	189	0.617954825904322	0.653982977029069	0.247854785148354	0.283870095832358	#97D3ED	0
#99D4ED	0.635968901466695	0.30187775117436	16-7	190	0.617954825904322	0.653982977029069	0.283870095832358	0.319885406516361	#99D4ED	0
#9AD5ED	0.635968901466695	0.337893061858364	16-8	191	0.617954825904322	0.653982977029069	0.319885406516362	0.355900717200365	#9AD5ED	0
#99D4ED	0.635968901466695	0.373908372542368	16-9	192	0.617954825904322	0.653982977029069	0.355900717200366	0.391916027884369	#99D4ED	0
#E3F2FA	0.671997052591446	0.0857858870703365	17-1	193	0.653982977029073	0.69001112815382	0.0677782317283349	0.103793542412338	#E3F2FA	0
#9ED6EE	0.671997052591446	0.409923683226371	17-10	194	0.653982977029073	0.69001112815382	0.39191602788437	0.427931338568373	#9ED6EE	0
#99D4ED	0.671997052591446	0.445938993910375	17-11	195	0.653982977029073	0.69001112815382	0.427931338568374	0.463946649252377	#99D4ED	0
#9AD5ED	0.671997052591446	0.481954304594379	17-12	196	0.653982977029073	0.69001112815382	0.463946649252378	0.499961959936381	#9AD5ED	0
#A0D7EE	0.671997052591446	0.517969615278383	17-13	197	0.653982977029073	0.69001112815382	0.499961959936382	0.535977270620385	#A0D7EE	0
#A8DAF0	0.671997052591446	0.553984925962387	17-14	198	0.653982977029073	0.69001112815382	0.535977270620386	0.571992581304389	#A8DAF0	0
#A2D8EF	0.671997052591446	0.590000236646391	17-15	199	0.653982977029073	0.69001112815382	0.571992581304389	0.608007891988392	#A2D8EF	0
#A4D8EF	0.671997052591446	0.626015547330395	17-16	200	0.653982977029073	0.69001112815382	0.608007891988394	0.644023202672397	#A4D8EF	0
#AADAF0	0.671997052591446	0.662030858014399	17-17	201	0.653982977029073	0.69001112815382	0.644023202672397	0.6800385133564	#AADAF0	0
#A5D9EF	0.671997052591446	0.698046168698402	17-18	202	0.653982977029073	0.69001112815382	0.6800385133564	0.716053824040404	#A5D9EF	0
#A5D9EF	0.671997052591446	0.734061479382407	17-19	203	0.653982977029073	0.69001112815382	0.716053824040405	0.752069134724408	#A5D9EF	0
#EFF8FC	0.671997052591446	0.12180119775434	17-2	204	0.653982977029073	0.69001112815382	0.103793542412338	0.139808853096341	#EFF8FC	0
#AEDCF1	0.671997052591446	0.77007679006641	17-20	205	0.653982977029073	0.69001112815382	0.752069134724408	0.788084445408411	#AEDCF1	0
#B3DEF1	0.671997052591446	0.806092100750415	17-21	206	0.653982977029073	0.69001112815382	0.788084445408413	0.824099756092416	#B3DEF1	0
#B0DDF1	0.671997052591446	0.842107411434418	17-22	207	0.653982977029073	0.69001112815382	0.824099756092416	0.860115066776419	#B0DDF1	0
#ADDCF0	0.671997052591446	0.878122722118423	17-23	208	0.653982977029073	0.69001112815382	0.860115066776421	0.896130377460424	#ADDCF0	0
#B5DFF2	0.671997052591446	0.914138032802426	17-24	209	0.653982977029073	0.69001112815382	0.896130377460424	0.932145688144427	#B5DFF2	0
#C5E6F4	0.671997052591446	0.157816508438344	17-3	210	0.653982977029073	0.69001112815382	0.139808853096343	0.175824163780346	#C5E6F4	0
#99D4ED	0.671997052591446	0.193831819122348	17-4	211	0.653982977029073	0.69001112815382	0.175824163780346	0.211839474464349	#99D4ED	0
#9CD5EE	0.671997052591446	0.229847129806352	17-5	212	0.653982977029073	0.69001112815382	0.211839474464351	0.247854785148354	#9CD5EE	0
#9AD5ED	0.671997052591446	0.265862440490356	17-6	213	0.653982977029073	0.69001112815382	0.247854785148354	0.283870095832358	#9AD5ED	0
#9DD6EE	0.671997052591446	0.30187775117436	17-7	214	0.653982977029073	0.69001112815382	0.283870095832358	0.319885406516361	#9DD6EE	0
#9FD6EE	0.671997052591446	0.337893061858364	17-8	215	0.653982977029073	0.69001112815382	0.319885406516362	0.355900717200365	#9FD6EE	0
#9ED6EE	0.671997052591446	0.373908372542368	17-9	216	0.653982977029073	0.69001112815382	0.355900717200366	0.391916027884369	#9ED6EE	0
#D8EEF8	0.708025203716198	0.0857858870703365	18-1	217	0.690011128153824	0.726039279278571	0.0677782317283349	0.103793542412338	#D8EEF8	0
#9FD7EE	0.708025203716198	0.409923683226371	18-10	218	0.690011128153824	0.726039279278571	0.39191602788437	0.427931338568373	#9FD7EE	0
#A0D7EE	0.708025203716198	0.445938993910375	18-11	219	0.690011128153824	0.726039279278571	0.427931338568374	0.463946649252377	#A0D7EE	0
#99D4ED	0.708025203716198	0.481954304594379	18-12	220	0.690011128153824	0.726039279278571	0.463946649252378	0.499961959936381	#99D4ED	0
#A1D7EF	0.708025203716198	0.517969615278383	18-13	221	0.690011128153824	0.726039279278571	0.499961959936382	0.535977270620385	#A1D7EF	0
#AFDDF1	0.708025203716198	0.553984925962387	18-14	222	0.690011128153824	0.726039279278571	0.535977270620386	0.571992581304389	#AFDDF1	0
#9DD6EE	0.708025203716198	0.590000236646391	18-15	223	0.690011128153824	0.726039279278571	0.571992581304389	0.608007891988392	#9DD6EE	0
#A6D9EF	0.708025203716198	0.626015547330395	18-16	224	0.690011128153824	0.726039279278571	0.608007891988394	0.644023202672397	#A6D9EF	0
#AADAF0	0.708025203716198	0.662030858014399	18-17	225	0.690011128153824	0.726039279278571	0.644023202672397	0.6800385133564	#AADAF0	0
#A8DAF0	0.708025203716198	0.698046168698402	18-18	226	0.690011128153824	0.726039279278571	0.6800385133564	0.716053824040404	#A8DAF0	0
#A5D9EF	0.708025203716198	0.734061479382407	18-19	227	0.690011128153824	0.726039279278571	0.716053824040405	0.752069134724408	#A5D9EF	0
#A5D9EF	0.708025203716198	0.12180119775434	18-2	228	0.690011128153824	0.726039279278571	0.103793542412338	0.139808853096341	#A5D9EF	0
#AEDCF1	0.708025203716198	0.77007679006641	18-20	229	0.690011128153824	0.726039279278571	0.752069134724408	0.788084445408411	#AEDCF1	0
#B0DDF1	0.708025203716198	0.806092100750415	18-21	230	0.690011128153824	0.726039279278571	0.788084445408413	0.824099756092416	#B0DDF1	0
#B0DDF1	0.708025203716198	0.842107411434418	18-22	231	0.690011128153824	0.726039279278571	0.824099756092416	0.860115066776419	#B0DDF1	0
#A8DAF0	0.708025203716198	0.878122722118423	18-23	232	0.690011128153824	0.726039279278571	0.860115066776421	0.896130377460424	#A8DAF0	0
#AFDDF1	0.708025203716198	0.914138032802426	18-24	233	0.690011128153824	0.726039279278571	0.896130377460424	0.932145688144427	#AFDDF1	0
#98D4ED	0.708025203716198	0.157816508438344	18-3	234	0.690011128153824	0.726039279278571	0.139808853096343	0.175824163780346	#98D4ED	0
#95D3ED	0.708025203716198	0.193831819122348	18-4	235	0.690011128153824	0.726039279278571	0.175824163780346	0.211839474464349	#95D3ED	0
#9DD6EE	0.708025203716198	0.229847129806352	18-5	236	0.690011128153824	0.726039279278571	0.211839474464351	0.247854785148354	#9DD6EE	0
#9BD5EE	0.708025203716198	0.265862440490356	18-6	237	0.690011128153824	0.726039279278571	0.247854785148354	0.283870095832358	#9BD5EE	0
#9CD5EE	0.708025203716198	0.30187775117436	18-7	238	0.690011128153824	0.726039279278571	0.283870095832358	0.319885406516361	#9CD5EE	0
#9ED6EE	0.708025203716198	0.337893061858364	18-8	239	0.690011128153824	0.726039279278571	0.319885406516362	0.355900717200365	#9ED6EE	0
#9ED6EE	0.708025203716198	0.373908372542368	18-9	240	0.690011128153824	0.726039279278571	0.355900717200366	0.391916027884369	#9ED6EE	0
#9AD5ED	0.744053354840948	0.0857858870703365	19-1	241	0.726039279278574	0.762067430403321	0.0677782317283349	0.103793542412338	#9AD5ED	0
#9FD7EE	0.744053354840948	0.409923683226371	19-10	242	0.726039279278574	0.762067430403321	0.39191602788437	0.427931338568373	#9FD7EE	0
#9FD7EE	0.744053354840948	0.445938993910375	19-11	243	0.726039279278574	0.762067430403321	0.427931338568374	0.463946649252377	#9FD7EE	0
#A2D8EF	0.744053354840948	0.481954304594379	19-12	244	0.726039279278574	0.762067430403321	0.463946649252378	0.499961959936381	#A2D8EF	0
#A2D8EF	0.744053354840948	0.517969615278383	19-13	245	0.726039279278574	0.762067430403321	0.499961959936382	0.535977270620385	#A2D8EF	0
#A4D8EF	0.744053354840948	0.553984925962387	19-14	246	0.726039279278574	0.762067430403321	0.535977270620386	0.571992581304389	#A4D8EF	0
#9FD7EE	0.744053354840948	0.590000236646391	19-15	247	0.726039279278574	0.762067430403321	0.571992581304389	0.608007891988392	#9FD7EE	0
#A4D8EF	0.744053354840948	0.626015547330395	19-16	248	0.726039279278574	0.762067430403321	0.608007891988394	0.644023202672397	#A4D8EF	0
#A9DAF0	0.744053354840948	0.662030858014399	19-17	249	0.726039279278574	0.762067430403321	0.644023202672397	0.6800385133564	#A9DAF0	0
#A7D9EF	0.744053354840948	0.698046168698402	19-18	250	0.726039279278574	0.762067430403321	0.6800385133564	0.716053824040404	#A7D9EF	0
#ABDBF0	0.744053354840948	0.734061479382407	19-19	251	0.726039279278574	0.762067430403321	0.716053824040405	0.752069134724408	#ABDBF0	0
#8ED0EC	0.744053354840948	0.12180119775434	19-2	252	0.726039279278574	0.762067430403321	0.103793542412338	0.139808853096341	#8ED0EC	0
#ADDCF0	0.744053354840948	0.77007679006641	19-20	253	0.726039279278574	0.762067430403321	0.752069134724408	0.788084445408411	#ADDCF0	0
#B0DDF1	0.744053354840948	0.806092100750415	19-21	254	0.726039279278574	0.762067430403321	0.788084445408413	0.824099756092416	#B0DDF1	0
#ADDCF0	0.744053354840948	0.842107411434418	19-22	255	0.726039279278574	0.762067430403321	0.824099756092416	0.860115066776419	#ADDCF0	0
#AEDCF1	0.744053354840948	0.878122722118423	19-23	256	0.726039279278574	0.762067430403321	0.860115066776421	0.896130377460424	#AEDCF1	0
#AFDDF1	0.744053354840948	0.914138032802426	19-24	257	0.726039279278574	0.762067430403321	0.896130377460424	0.932145688144427	#AFDDF1	0
#9FD7EE	0.744053354840948	0.157816508438344	19-3	258	0.726039279278574	0.762067430403321	0.139808853096343	0.175824163780346	#9FD7EE	0
#9ED6EE	0.744053354840948	0.193831819122348	19-4	259	0.726039279278574	0.762067430403321	0.175824163780346	0.211839474464349	#9ED6EE	0
#9DD6EE	0.744053354840948	0.229847129806352	19-5	260	0.726039279278574	0.762067430403321	0.211839474464351	0.247854785148354	#9DD6EE	0
#9DD6EE	0.744053354840948	0.265862440490356	19-6	261	0.726039279278574	0.762067430403321	0.247854785148354	0.283870095832358	#9DD6EE	0
#9DD6EE	0.744053354840948	0.30187775117436	19-7	262	0.726039279278574	0.762067430403321	0.283870095832358	0.319885406516361	#9DD6EE	0
#A0D7EE	0.744053354840948	0.337893061858364	19-8	263	0.726039279278574	0.762067430403321	0.319885406516362	0.355900717200365	#A0D7EE	0
#A0D7EE	0.744053354840948	0.373908372542368	19-9	264	0.726039279278574	0.762067430403321	0.355900717200366	0.391916027884369	#A0D7EE	0
#C3E5F4	0.131574785720187	0.0857858870703365	2-1	265	0.113560710157813	0.14958886128256	0.0677782317283349	0.103793542412338	#C3E5F4	0
#BFE3F3	0.131574785720187	0.409923683226371	2-10	266	0.113560710157813	0.14958886128256	0.39191602788437	0.427931338568373	#BFE3F3	0
#B8E0F2	0.131574785720187	0.445938993910375	2-11	267	0.113560710157813	0.14958886128256	0.427931338568374	0.463946649252377	#B8E0F2	0
#ABDBF0	0.131574785720187	0.481954304594379	2-12	268	0.113560710157813	0.14958886128256	0.463946649252378	0.499961959936381	#ABDBF0	0
#A6D9EF	0.131574785720187	0.517969615278383	2-13	269	0.113560710157813	0.14958886128256	0.499961959936382	0.535977270620385	#A6D9EF	0
#A4D8EF	0.131574785720187	0.553984925962387	2-14	270	0.113560710157813	0.14958886128256	0.535977270620386	0.571992581304389	#A4D8EF	0
#ABDBF0	0.131574785720187	0.590000236646391	2-15	271	0.113560710157813	0.14958886128256	0.571992581304389	0.608007891988392	#ABDBF0	0
#B5DFF2	0.131574785720187	0.626015547330395	2-16	272	0.113560710157813	0.14958886128256	0.608007891988394	0.644023202672397	#B5DFF2	0
#B7E0F2	0.131574785720187	0.662030858014399	2-17	273	0.113560710157813	0.14958886128256	0.644023202672397	0.6800385133564	#B7E0F2	0
#B7E0F2	0.131574785720187	0.698046168698402	2-18	274	0.113560710157813	0.14958886128256	0.6800385133564	0.716053824040404	#B7E0F2	0
#A8DAF0	0.131574785720187	0.734061479382407	2-19	275	0.113560710157813	0.14958886128256	0.716053824040405	0.752069134724408	#A8DAF0	0
#CBE8F6	0.131574785720187	0.12180119775434	2-2	276	0.113560710157813	0.14958886128256	0.103793542412338	0.139808853096341	#CBE8F6	0
#A7D9EF	0.131574785720187	0.77007679006641	2-20	277	0.113560710157813	0.14958886128256	0.752069134724408	0.788084445408411	#A7D9EF	0
#A2D8EF	0.131574785720187	0.806092100750415	2-21	278	0.113560710157813	0.14958886128256	0.788084445408413	0.824099756092416	#A2D8EF	0
#A8DAF0	0.131574785720187	0.842107411434418	2-22	279	0.113560710157813	0.14958886128256	0.824099756092416	0.860115066776419	#A8DAF0	0
#ACDBF0	0.131574785720187	0.878122722118423	2-23	280	0.113560710157813	0.14958886128256	0.860115066776421	0.896130377460424	#ACDBF0	0
#A0D7EE	0.131574785720187	0.914138032802426	2-24	281	0.113560710157813	0.14958886128256	0.896130377460424	0.932145688144427	#A0D7EE	0
#DCEFF8	0.131574785720187	0.157816508438344	2-3	282	0.113560710157813	0.14958886128256	0.139808853096343	0.175824163780346	#DCEFF8	0
#E3F2FA	0.131574785720187	0.193831819122348	2-4	283	0.113560710157813	0.14958886128256	0.175824163780346	0.211839474464349	#E3F2FA	0
#DBEFF8	0.131574785720187	0.229847129806352	2-5	284	0.113560710157813	0.14958886128256	0.211839474464351	0.247854785148354	#DBEFF8	0
#CBE8F6	0.131574785720187	0.265862440490356	2-6	285	0.113560710157813	0.14958886128256	0.247854785148354	0.283870095832358	#CBE8F6	0
#C1E4F4	0.131574785720187	0.30187775117436	2-7	286	0.113560710157813	0.14958886128256	0.283870095832358	0.319885406516361	#C1E4F4	0
#C8E7F5	0.131574785720187	0.337893061858364	2-8	287	0.113560710157813	0.14958886128256	0.319885406516362	0.355900717200365	#C8E7F5	0
#C5E6F4	0.131574785720187	0.373908372542368	2-9	288	0.113560710157813	0.14958886128256	0.355900717200366	0.391916027884369	#C5E6F4	0
#8ACFEB	0.780081505965699	0.0857858870703365	20-1	289	0.762067430403325	0.798095581528072	0.0677782317283349	0.103793542412338	#8ACFEB	0
#A0D7EE	0.780081505965699	0.409923683226371	20-10	290	0.762067430403325	0.798095581528072	0.39191602788437	0.427931338568373	#A0D7EE	0
#A5D9EF	0.780081505965699	0.445938993910375	20-11	291	0.762067430403325	0.798095581528072	0.427931338568374	0.463946649252377	#A5D9EF	0
#A4D8EF	0.780081505965699	0.481954304594379	20-12	292	0.762067430403325	0.798095581528072	0.463946649252378	0.499961959936381	#A4D8EF	0
#A4D8EF	0.780081505965699	0.517969615278383	20-13	293	0.762067430403325	0.798095581528072	0.499961959936382	0.535977270620385	#A4D8EF	0
#AADAF0	0.780081505965699	0.553984925962387	20-14	294	0.762067430403325	0.798095581528072	0.535977270620386	0.571992581304389	#AADAF0	0
#A5D9EF	0.780081505965699	0.590000236646391	20-15	295	0.762067430403325	0.798095581528072	0.571992581304389	0.608007891988392	#A5D9EF	0
#A5D9EF	0.780081505965699	0.626015547330395	20-16	296	0.762067430403325	0.798095581528072	0.608007891988394	0.644023202672397	#A5D9EF	0
#A9DAF0	0.780081505965699	0.662030858014399	20-17	297	0.762067430403325	0.798095581528072	0.644023202672397	0.6800385133564	#A9DAF0	0
#A8DAF0	0.780081505965699	0.698046168698402	20-18	298	0.762067430403325	0.798095581528072	0.6800385133564	0.716053824040404	#A8DAF0	0
#ACDBF0	0.780081505965699	0.734061479382407	20-19	299	0.762067430403325	0.798095581528072	0.716053824040405	0.752069134724408	#ACDBF0	0
#8ED0EC	0.780081505965699	0.12180119775434	20-2	300	0.762067430403325	0.798095581528072	0.103793542412338	0.139808853096341	#8ED0EC	0
#ADDCF0	0.780081505965699	0.77007679006641	20-20	301	0.762067430403325	0.798095581528072	0.752069134724408	0.788084445408411	#ADDCF0	0
#B3DEF1	0.780081505965699	0.806092100750415	20-21	302	0.762067430403325	0.798095581528072	0.788084445408413	0.824099756092416	#B3DEF1	0
#AFDDF1	0.780081505965699	0.842107411434418	20-22	303	0.762067430403325	0.798095581528072	0.824099756092416	0.860115066776419	#AFDDF1	0
#AEDCF1	0.780081505965699	0.878122722118423	20-23	304	0.762067430403325	0.798095581528072	0.860115066776421	0.896130377460424	#AEDCF1	0
#AEDCF1	0.780081505965699	0.914138032802426	20-24	305	0.762067430403325	0.798095581528072	0.896130377460424	0.932145688144427	#AEDCF1	0
#9BD5EE	0.780081505965699	0.157816508438344	20-3	306	0.762067430403325	0.798095581528072	0.139808853096343	0.175824163780346	#9BD5EE	0
#A0D7EE	0.780081505965699	0.193831819122348	20-4	307	0.762067430403325	0.798095581528072	0.175824163780346	0.211839474464349	#A0D7EE	0
#9ED6EE	0.780081505965699	0.229847129806352	20-5	308	0.762067430403325	0.798095581528072	0.211839474464351	0.247854785148354	#9ED6EE	0
#9ED6EE	0.780081505965699	0.265862440490356	20-6	309	0.762067430403325	0.798095581528072	0.247854785148354	0.283870095832358	#9ED6EE	0
#9FD7EE	0.780081505965699	0.30187775117436	20-7	310	0.762067430403325	0.798095581528072	0.283870095832358	0.319885406516361	#9FD7EE	0
#A0D7EE	0.780081505965699	0.337893061858364	20-8	311	0.762067430403325	0.798095581528072	0.319885406516362	0.355900717200365	#A0D7EE	0
#A4D8EF	0.780081505965699	0.373908372542368	20-9	312	0.762067430403325	0.798095581528072	0.355900717200366	0.391916027884369	#A4D8EF	0
#B3DEF2	0.816109657090449	0.0857858870703365	21-1	313	0.798095581528075	0.834123732652822	0.0677782317283349	0.103793542412338	#B3DEF2	0
#A5D9EF	0.816109657090449	0.409923683226371	21-10	314	0.798095581528075	0.834123732652822	0.39191602788437	0.427931338568373	#A5D9EF	0
#A4D8EF	0.816109657090449	0.445938993910375	21-11	315	0.798095581528075	0.834123732652822	0.427931338568374	0.463946649252377	#A4D8EF	0
#A1D7EF	0.816109657090449	0.481954304594379	21-12	316	0.798095581528075	0.834123732652822	0.463946649252378	0.499961959936381	#A1D7EF	0
#A3D8EF	0.816109657090449	0.517969615278383	21-13	317	0.798095581528075	0.834123732652822	0.499961959936382	0.535977270620385	#A3D8EF	0
#AFDDF1	0.816109657090449	0.553984925962387	21-14	318	0.798095581528075	0.834123732652822	0.535977270620386	0.571992581304389	#AFDDF1	0
#ABDBF0	0.816109657090449	0.590000236646391	21-15	319	0.798095581528075	0.834123732652822	0.571992581304389	0.608007891988392	#ABDBF0	0
#ADDCF0	0.816109657090449	0.626015547330395	21-16	320	0.798095581528075	0.834123732652822	0.608007891988394	0.644023202672397	#ADDCF0	0
#ADDCF0	0.816109657090449	0.662030858014399	21-17	321	0.798095581528075	0.834123732652822	0.644023202672397	0.6800385133564	#ADDCF0	0
#A7D9EF	0.816109657090449	0.698046168698402	21-18	322	0.798095581528075	0.834123732652822	0.6800385133564	0.716053824040404	#A7D9EF	0
#ABDBF0	0.816109657090449	0.734061479382407	21-19	323	0.798095581528075	0.834123732652822	0.716053824040405	0.752069134724408	#ABDBF0	0
#95D3ED	0.816109657090449	0.12180119775434	21-2	324	0.798095581528075	0.834123732652822	0.103793542412338	0.139808853096341	#95D3ED	0
#A8DAF0	0.816109657090449	0.77007679006641	21-20	325	0.798095581528075	0.834123732652822	0.752069134724408	0.788084445408411	#A8DAF0	0
#B0DDF1	0.816109657090449	0.806092100750415	21-21	326	0.798095581528075	0.834123732652822	0.788084445408413	0.824099756092416	#B0DDF1	0
#AEDCF1	0.816109657090449	0.842107411434418	21-22	327	0.798095581528075	0.834123732652822	0.824099756092416	0.860115066776419	#AEDCF1	0
#AEDCF1	0.816109657090449	0.878122722118423	21-23	328	0.798095581528075	0.834123732652822	0.860115066776421	0.896130377460424	#AEDCF1	0
#B3DEF1	0.816109657090449	0.914138032802426	21-24	329	0.798095581528075	0.834123732652822	0.896130377460424	0.932145688144427	#B3DEF1	0
#A3D8EF	0.816109657090449	0.157816508438344	21-3	330	0.798095581528075	0.834123732652822	0.139808853096343	0.175824163780346	#A3D8EF	0
#9DD6EE	0.816109657090449	0.193831819122348	21-4	331	0.798095581528075	0.834123732652822	0.175824163780346	0.211839474464349	#9DD6EE	0
#9CD5EE	0.816109657090449	0.229847129806352	21-5	332	0.798095581528075	0.834123732652822	0.211839474464351	0.247854785148354	#9CD5EE	0
#9ED6EE	0.816109657090449	0.265862440490356	21-6	333	0.798095581528075	0.834123732652822	0.247854785148354	0.283870095832358	#9ED6EE	0
#9FD6EE	0.816109657090449	0.30187775117436	21-7	334	0.798095581528075	0.834123732652822	0.283870095832358	0.319885406516361	#9FD6EE	0
#A1D7EF	0.816109657090449	0.337893061858364	21-8	335	0.798095581528075	0.834123732652822	0.319885406516362	0.355900717200365	#A1D7EF	0
#A2D8EF	0.816109657090449	0.373908372542368	21-9	336	0.798095581528075	0.834123732652822	0.355900717200366	0.391916027884369	#A2D8EF	0
#B3DEF1	0.8521378082152	0.0857858870703365	22-1	337	0.834123732652826	0.870151883777573	0.0677782317283349	0.103793542412338	#B3DEF1	0
#A4D8EF	0.8521378082152	0.409923683226371	22-10	338	0.834123732652826	0.870151883777573	0.39191602788437	0.427931338568373	#A4D8EF	0
#A8DAF0	0.8521378082152	0.445938993910375	22-11	339	0.834123732652826	0.870151883777573	0.427931338568374	0.463946649252377	#A8DAF0	0
#A3D8EF	0.8521378082152	0.481954304594379	22-12	340	0.834123732652826	0.870151883777573	0.463946649252378	0.499961959936381	#A3D8EF	0
#A4D8EF	0.8521378082152	0.517969615278383	22-13	341	0.834123732652826	0.870151883777573	0.499961959936382	0.535977270620385	#A4D8EF	0
#ACDBF0	0.8521378082152	0.553984925962387	22-14	342	0.834123732652826	0.870151883777573	0.535977270620386	0.571992581304389	#ACDBF0	0
#ABDBF0	0.8521378082152	0.590000236646391	22-15	343	0.834123732652826	0.870151883777573	0.571992581304389	0.608007891988392	#ABDBF0	0
#B3DEF2	0.8521378082152	0.626015547330395	22-16	344	0.834123732652826	0.870151883777573	0.608007891988394	0.644023202672397	#B3DEF2	0
#ACDBF0	0.8521378082152	0.662030858014399	22-17	345	0.834123732652826	0.870151883777573	0.644023202672397	0.6800385133564	#ACDBF0	0
#ACDBF0	0.8521378082152	0.698046168698402	22-18	346	0.834123732652826	0.870151883777573	0.6800385133564	0.716053824040404	#ACDBF0	0
#AEDCF1	0.8521378082152	0.734061479382407	22-19	347	0.834123732652826	0.870151883777573	0.716053824040405	0.752069134724408	#AEDCF1	0
#ACDBF0	0.8521378082152	0.12180119775434	22-2	348	0.834123732652826	0.870151883777573	0.103793542412338	0.139808853096341	#ACDBF0	0
#ABDBF0	0.8521378082152	0.77007679006641	22-20	349	0.834123732652826	0.870151883777573	0.752069134724408	0.788084445408411	#ABDBF0	0
#A7D9EF	0.8521378082152	0.806092100750415	22-21	350	0.834123732652826	0.870151883777573	0.788084445408413	0.824099756092416	#A7D9EF	0
#AADAF0	0.8521378082152	0.842107411434418	22-22	351	0.834123732652826	0.870151883777573	0.824099756092416	0.860115066776419	#AADAF0	0
#ABDBF0	0.8521378082152	0.878122722118423	22-23	352	0.834123732652826	0.870151883777573	0.860115066776421	0.896130377460424	#ABDBF0	0
#B3DEF2	0.8521378082152	0.914138032802426	22-24	353	0.834123732652826	0.870151883777573	0.896130377460424	0.932145688144427	#B3DEF2	0
#A2D8EF	0.8521378082152	0.157816508438344	22-3	354	0.834123732652826	0.870151883777573	0.139808853096343	0.175824163780346	#A2D8EF	0
#A1D7EF	0.8521378082152	0.193831819122348	22-4	355	0.834123732652826	0.870151883777573	0.175824163780346	0.211839474464349	#A1D7EF	0
#99D4ED	0.8521378082152	0.229847129806352	22-5	356	0.834123732652826	0.870151883777573	0.211839474464351	0.247854785148354	#99D4ED	0
#9AD5ED	0.8521378082152	0.265862440490356	22-6	357	0.834123732652826	0.870151883777573	0.247854785148354	0.283870095832358	#9AD5ED	0
#9FD6EE	0.8521378082152	0.30187775117436	22-7	358	0.834123732652826	0.870151883777573	0.283870095832358	0.319885406516361	#9FD6EE	0
#A2D8EF	0.8521378082152	0.337893061858364	22-8	359	0.834123732652826	0.870151883777573	0.319885406516362	0.355900717200365	#A2D8EF	0
#A0D7EE	0.8521378082152	0.373908372542368	22-9	360	0.834123732652826	0.870151883777573	0.355900717200366	0.391916027884369	#A0D7EE	0
#AEDCF1	0.88816595933995	0.0857858870703365	23-1	361	0.870151883777576	0.906180034902323	0.0677782317283349	0.103793542412338	#AEDCF1	0
#A1D7EF	0.88816595933995	0.409923683226371	23-10	362	0.870151883777576	0.906180034902323	0.39191602788437	0.427931338568373	#A1D7EF	0
#A8DAF0	0.88816595933995	0.445938993910375	23-11	363	0.870151883777576	0.906180034902323	0.427931338568374	0.463946649252377	#A8DAF0	0
#A7D9EF	0.88816595933995	0.481954304594379	23-12	364	0.870151883777576	0.906180034902323	0.463946649252378	0.499961959936381	#A7D9EF	0
#AEDCF1	0.88816595933995	0.517969615278383	23-13	365	0.870151883777576	0.906180034902323	0.499961959936382	0.535977270620385	#AEDCF1	0
#ACDBF0	0.88816595933995	0.553984925962387	23-14	366	0.870151883777576	0.906180034902323	0.535977270620386	0.571992581304389	#ACDBF0	0
#ABDBF0	0.88816595933995	0.590000236646391	23-15	367	0.870151883777576	0.906180034902323	0.571992581304389	0.608007891988392	#ABDBF0	0
#B1DDF1	0.88816595933995	0.626015547330395	23-16	368	0.870151883777576	0.906180034902323	0.608007891988394	0.644023202672397	#B1DDF1	0
#B0DDF1	0.88816595933995	0.662030858014399	23-17	369	0.870151883777576	0.906180034902323	0.644023202672397	0.6800385133564	#B0DDF1	0
#B3DEF1	0.88816595933995	0.698046168698402	23-18	370	0.870151883777576	0.906180034902323	0.6800385133564	0.716053824040404	#B3DEF1	0
#AEDCF1	0.88816595933995	0.734061479382407	23-19	371	0.870151883777576	0.906180034902323	0.716053824040405	0.752069134724408	#AEDCF1	0
#AEDCF1	0.88816595933995	0.12180119775434	23-2	372	0.870151883777576	0.906180034902323	0.103793542412338	0.139808853096341	#AEDCF1	0
#ABDBF0	0.88816595933995	0.77007679006641	23-20	373	0.870151883777576	0.906180034902323	0.752069134724408	0.788084445408411	#ABDBF0	0
#B0DDF1	0.88816595933995	0.806092100750415	23-21	374	0.870151883777576	0.906180034902323	0.788084445408413	0.824099756092416	#B0DDF1	0
#AADAF0	0.88816595933995	0.842107411434418	23-22	375	0.870151883777576	0.906180034902323	0.824099756092416	0.860115066776419	#AADAF0	0
#A8DAF0	0.88816595933995	0.878122722118423	23-23	376	0.870151883777576	0.906180034902323	0.860115066776421	0.896130377460424	#A8DAF0	0
#B4DFF2	0.88816595933995	0.914138032802426	23-24	377	0.870151883777576	0.906180034902323	0.896130377460424	0.932145688144427	#B4DFF2	0
#A4D8EF	0.88816595933995	0.157816508438344	23-3	378	0.870151883777576	0.906180034902323	0.139808853096343	0.175824163780346	#A4D8EF	0
#ABDBF0	0.88816595933995	0.193831819122348	23-4	379	0.870151883777576	0.906180034902323	0.175824163780346	0.211839474464349	#ABDBF0	0
#99D4ED	0.88816595933995	0.229847129806352	23-5	380	0.870151883777576	0.906180034902323	0.211839474464351	0.247854785148354	#99D4ED	0
#98D4ED	0.88816595933995	0.265862440490356	23-6	381	0.870151883777576	0.906180034902323	0.247854785148354	0.283870095832358	#98D4ED	0
#9DD6EE	0.88816595933995	0.30187775117436	23-7	382	0.870151883777576	0.906180034902323	0.283870095832358	0.319885406516361	#9DD6EE	0
#A0D7EE	0.88816595933995	0.337893061858364	23-8	383	0.870151883777576	0.906180034902323	0.319885406516362	0.355900717200365	#A0D7EE	0
#9FD7EE	0.88816595933995	0.373908372542368	23-9	384	0.870151883777576	0.906180034902323	0.355900717200366	0.391916027884369	#9FD7EE	0
#A0D7EE	0.924194110464701	0.0857858870703365	24-1	385	0.906180034902328	0.942208186027075	0.0677782317283349	0.103793542412338	#A0D7EE	0
#A3D8EF	0.924194110464701	0.409923683226371	24-10	386	0.906180034902328	0.942208186027075	0.39191602788437	0.427931338568373	#A3D8EF	0
#A4D8EF	0.924194110464701	0.445938993910375	24-11	387	0.906180034902328	0.942208186027075	0.427931338568374	0.463946649252377	#A4D8EF	0
#ADDCF0	0.924194110464701	0.481954304594379	24-12	388	0.906180034902328	0.942208186027075	0.463946649252378	0.499961959936381	#ADDCF0	0
#BFE3F4	0.924194110464701	0.517969615278383	24-13	389	0.906180034902328	0.942208186027075	0.499961959936382	0.535977270620385	#BFE3F4	0
#AFDDF1	0.924194110464701	0.553984925962387	24-14	390	0.906180034902328	0.942208186027075	0.535977270620386	0.571992581304389	#AFDDF1	0
#ABDBF0	0.924194110464701	0.590000236646391	24-15	391	0.906180034902328	0.942208186027075	0.571992581304389	0.608007891988392	#ABDBF0	0
#B0DDF1	0.924194110464701	0.626015547330395	24-16	392	0.906180034902328	0.942208186027075	0.608007891988394	0.644023202672397	#B0DDF1	0
#B4DFF2	0.924194110464701	0.662030858014399	24-17	393	0.906180034902328	0.942208186027075	0.644023202672397	0.6800385133564	#B4DFF2	0
#ADDCF0	0.924194110464701	0.698046168698402	24-18	394	0.906180034902328	0.942208186027075	0.6800385133564	0.716053824040404	#ADDCF0	0
#ABDBF0	0.924194110464701	0.734061479382407	24-19	395	0.906180034902328	0.942208186027075	0.716053824040405	0.752069134724408	#ABDBF0	0
#A5D9EF	0.924194110464701	0.12180119775434	24-2	396	0.906180034902328	0.942208186027075	0.103793542412338	0.139808853096341	#A5D9EF	0
#ABDBF0	0.924194110464701	0.77007679006641	24-20	397	0.906180034902328	0.942208186027075	0.752069134724408	0.788084445408411	#ABDBF0	0
#ADDCF0	0.924194110464701	0.806092100750415	24-21	398	0.906180034902328	0.942208186027075	0.788084445408413	0.824099756092416	#ADDCF0	0
#B1DDF1	0.924194110464701	0.842107411434418	24-22	399	0.906180034902328	0.942208186027075	0.824099756092416	0.860115066776419	#B1DDF1	0
#AFDDF1	0.924194110464701	0.878122722118423	24-23	400	0.906180034902328	0.942208186027075	0.860115066776421	0.896130377460424	#AFDDF1	0
#B4DFF2	0.924194110464701	0.914138032802426	24-24	401	0.906180034902328	0.942208186027075	0.896130377460424	0.932145688144427	#B4DFF2	0
#A5D9EF	0.924194110464701	0.157816508438344	24-3	402	0.906180034902328	0.942208186027075	0.139808853096343	0.175824163780346	#A5D9EF	0
#A7D9EF	0.924194110464701	0.193831819122348	24-4	403	0.906180034902328	0.942208186027075	0.175824163780346	0.211839474464349	#A7D9EF	0
#99D4ED	0.924194110464701	0.229847129806352	24-5	404	0.906180034902328	0.942208186027075	0.211839474464351	0.247854785148354	#99D4ED	0
#99D4ED	0.924194110464701	0.265862440490356	24-6	405	0.906180034902328	0.942208186027075	0.247854785148354	0.283870095832358	#99D4ED	0
#9AD5ED	0.924194110464701	0.30187775117436	24-7	406	0.906180034902328	0.942208186027075	0.283870095832358	0.319885406516361	#9AD5ED	0
#9FD6EE	0.924194110464701	0.337893061858364	24-8	407	0.906180034902328	0.942208186027075	0.319885406516362	0.355900717200365	#9FD6EE	0
#A0D7EE	0.924194110464701	0.373908372542368	24-9	408	0.906180034902328	0.942208186027075	0.355900717200366	0.391916027884369	#A0D7EE	0
#CFEAF6	0.167602936844938	0.0857858870703365	3-1	409	0.149588861282565	0.185617012407312	0.0677782317283349	0.103793542412338	#CFEAF6	0
#C3E5F4	0.167602936844938	0.409923683226371	3-10	410	0.149588861282565	0.185617012407312	0.39191602788437	0.427931338568373	#C3E5F4	0
#B3DEF2	0.167602936844938	0.445938993910375	3-11	411	0.149588861282565	0.185617012407312	0.427931338568374	0.463946649252377	#B3DEF2	0
#ABDBF0	0.167602936844938	0.481954304594379	3-12	412	0.149588861282565	0.185617012407312	0.463946649252378	0.499961959936381	#ABDBF0	0
#A5D9EF	0.167602936844938	0.517969615278383	3-13	413	0.149588861282565	0.185617012407312	0.499961959936382	0.535977270620385	#A5D9EF	0
#A5D9EF	0.167602936844938	0.553984925962387	3-14	414	0.149588861282565	0.185617012407312	0.535977270620386	0.571992581304389	#A5D9EF	0
#AEDCF1	0.167602936844938	0.590000236646391	3-15	415	0.149588861282565	0.185617012407312	0.571992581304389	0.608007891988392	#AEDCF1	0
#B7E0F2	0.167602936844938	0.626015547330395	3-16	416	0.149588861282565	0.185617012407312	0.608007891988394	0.644023202672397	#B7E0F2	0
#B8E0F2	0.167602936844938	0.662030858014399	3-17	417	0.149588861282565	0.185617012407312	0.644023202672397	0.6800385133564	#B8E0F2	0
#B0DDF1	0.167602936844938	0.698046168698402	3-18	418	0.149588861282565	0.185617012407312	0.6800385133564	0.716053824040404	#B0DDF1	0
#A6D9EF	0.167602936844938	0.734061479382407	3-19	419	0.149588861282565	0.185617012407312	0.716053824040405	0.752069134724408	#A6D9EF	0
#D6EDF7	0.167602936844938	0.12180119775434	3-2	420	0.149588861282565	0.185617012407312	0.103793542412338	0.139808853096341	#D6EDF7	0
#96D3ED	0.167602936844938	0.77007679006641	3-20	421	0.149588861282565	0.185617012407312	0.752069134724408	0.788084445408411	#96D3ED	0
#A2D8EF	0.167602936844938	0.806092100750415	3-21	422	0.149588861282565	0.185617012407312	0.788084445408413	0.824099756092416	#A2D8EF	0
#A0D7EE	0.167602936844938	0.842107411434418	3-22	423	0.149588861282565	0.185617012407312	0.824099756092416	0.860115066776419	#A0D7EE	0
#A0D7EE	0.167602936844938	0.878122722118423	3-23	424	0.149588861282565	0.185617012407312	0.860115066776421	0.896130377460424	#A0D7EE	0
#A0D7EE	0.167602936844938	0.914138032802426	3-24	425	0.149588861282565	0.185617012407312	0.896130377460424	0.932145688144427	#A0D7EE	0
#EAF6FB	0.167602936844938	0.157816508438344	3-3	426	0.149588861282565	0.185617012407312	0.139808853096343	0.175824163780346	#EAF6FB	0
#EAF6FB	0.167602936844938	0.193831819122348	3-4	427	0.149588861282565	0.185617012407312	0.175824163780346	0.211839474464349	#EAF6FB	0
#E7F4FA	0.167602936844938	0.229847129806352	3-5	428	0.149588861282565	0.185617012407312	0.211839474464351	0.247854785148354	#E7F4FA	0
#DBEFF8	0.167602936844938	0.265862440490356	3-6	429	0.149588861282565	0.185617012407312	0.247854785148354	0.283870095832358	#DBEFF8	0
#CBE8F6	0.167602936844938	0.30187775117436	3-7	430	0.149588861282565	0.185617012407312	0.283870095832358	0.319885406516361	#CBE8F6	0
#CEEAF6	0.167602936844938	0.337893061858364	3-8	431	0.149588861282565	0.185617012407312	0.319885406516362	0.355900717200365	#CEEAF6	0
#CCE9F6	0.167602936844938	0.373908372542368	3-9	432	0.149588861282565	0.185617012407312	0.355900717200366	0.391916027884369	#CCE9F6	0
#D8EDF8	0.203631087969689	0.0857858870703365	4-1	433	0.185617012407316	0.221645163532063	0.0677782317283349	0.103793542412338	#D8EDF8	0
#C6E6F5	0.203631087969689	0.409923683226371	4-10	434	0.185617012407316	0.221645163532063	0.39191602788437	0.427931338568373	#C6E6F5	0
#B2DEF1	0.203631087969689	0.445938993910375	4-11	435	0.185617012407316	0.221645163532063	0.427931338568374	0.463946649252377	#B2DEF1	0
#AADAF0	0.203631087969689	0.481954304594379	4-12	436	0.185617012407316	0.221645163532063	0.463946649252378	0.499961959936381	#AADAF0	0
#A3D8EF	0.203631087969689	0.517969615278383	4-13	437	0.185617012407316	0.221645163532063	0.499961959936382	0.535977270620385	#A3D8EF	0
#A5D9EF	0.203631087969689	0.553984925962387	4-14	438	0.185617012407316	0.221645163532063	0.535977270620386	0.571992581304389	#A5D9EF	0
#B0DDF1	0.203631087969689	0.590000236646391	4-15	439	0.185617012407316	0.221645163532063	0.571992581304389	0.608007891988392	#B0DDF1	0
#B7E0F2	0.203631087969689	0.626015547330395	4-16	440	0.185617012407316	0.221645163532063	0.608007891988394	0.644023202672397	#B7E0F2	0
#B3DEF1	0.203631087969689	0.662030858014399	4-17	441	0.185617012407316	0.221645163532063	0.644023202672397	0.6800385133564	#B3DEF1	0
#A4D8EF	0.203631087969689	0.698046168698402	4-18	442	0.185617012407316	0.221645163532063	0.6800385133564	0.716053824040404	#A4D8EF	0
#99D4ED	0.203631087969689	0.734061479382407	4-19	443	0.185617012407316	0.221645163532063	0.716053824040405	0.752069134724408	#99D4ED	0
#D8EEF8	0.203631087969689	0.12180119775434	4-2	444	0.185617012407316	0.221645163532063	0.103793542412338	0.139808853096341	#D8EEF8	0
#96D3ED	0.203631087969689	0.77007679006641	4-20	445	0.185617012407316	0.221645163532063	0.752069134724408	0.788084445408411	#96D3ED	0
#96D3ED	0.203631087969689	0.806092100750415	4-21	446	0.185617012407316	0.221645163532063	0.788084445408413	0.824099756092416	#96D3ED	0
#A0D7EE	0.203631087969689	0.842107411434418	4-22	447	0.185617012407316	0.221645163532063	0.824099756092416	0.860115066776419	#A0D7EE	0
#9ED6EE	0.203631087969689	0.878122722118423	4-23	448	0.185617012407316	0.221645163532063	0.860115066776421	0.896130377460424	#9ED6EE	0
#9CD5EE	0.203631087969689	0.914138032802426	4-24	449	0.185617012407316	0.221645163532063	0.896130377460424	0.932145688144427	#9CD5EE	0
#F0F8FC	0.203631087969689	0.157816508438344	4-3	450	0.185617012407316	0.221645163532063	0.139808853096343	0.175824163780346	#F0F8FC	0
#F1F8FC	0.203631087969689	0.193831819122348	4-4	451	0.185617012407316	0.221645163532063	0.175824163780346	0.211839474464349	#F1F8FC	0
#EFF8FC	0.203631087969689	0.229847129806352	4-5	452	0.185617012407316	0.221645163532063	0.211839474464351	0.247854785148354	#EFF8FC	0
#E1F1F9	0.203631087969689	0.265862440490356	4-6	453	0.185617012407316	0.221645163532063	0.247854785148354	0.283870095832358	#E1F1F9	0
#D2EBF7	0.203631087969689	0.30187775117436	4-7	454	0.185617012407316	0.221645163532063	0.283870095832358	0.319885406516361	#D2EBF7	0
#D0EAF6	0.203631087969689	0.337893061858364	4-8	455	0.185617012407316	0.221645163532063	0.319885406516362	0.355900717200365	#D0EAF6	0
#CBE8F6	0.203631087969689	0.373908372542368	4-9	456	0.185617012407316	0.221645163532063	0.355900717200366	0.391916027884369	#CBE8F6	0
#D6EDF7	0.239659239094441	0.0857858870703365	5-1	457	0.221645163532067	0.257673314656814	0.0677782317283349	0.103793542412338	#D6EDF7	0
#C5E6F4	0.239659239094441	0.409923683226371	5-10	458	0.221645163532067	0.257673314656814	0.39191602788437	0.427931338568373	#C5E6F4	0
#B0DDF1	0.239659239094441	0.445938993910375	5-11	459	0.221645163532067	0.257673314656814	0.427931338568374	0.463946649252377	#B0DDF1	0
#A8DAF0	0.239659239094441	0.481954304594379	5-12	460	0.221645163532067	0.257673314656814	0.463946649252378	0.499961959936381	#A8DAF0	0
#A5D9EF	0.239659239094441	0.517969615278383	5-13	461	0.221645163532067	0.257673314656814	0.499961959936382	0.535977270620385	#A5D9EF	0
#A9DAF0	0.239659239094441	0.553984925962387	5-14	462	0.221645163532067	0.257673314656814	0.535977270620386	0.571992581304389	#A9DAF0	0
#ACDBF0	0.239659239094441	0.590000236646391	5-15	463	0.221645163532067	0.257673314656814	0.571992581304389	0.608007891988392	#ACDBF0	0
#ADDCF0	0.239659239094441	0.626015547330395	5-16	464	0.221645163532067	0.257673314656814	0.608007891988394	0.644023202672397	#ADDCF0	0
#A4D8EF	0.239659239094441	0.662030858014399	5-17	465	0.221645163532067	0.257673314656814	0.644023202672397	0.6800385133564	#A4D8EF	0
#97D3ED	0.239659239094441	0.698046168698402	5-18	466	0.221645163532067	0.257673314656814	0.6800385133564	0.716053824040404	#97D3ED	0
#99D4ED	0.239659239094441	0.734061479382407	5-19	467	0.221645163532067	0.257673314656814	0.716053824040405	0.752069134724408	#99D4ED	0
#E3F2FA	0.239659239094441	0.12180119775434	5-2	468	0.221645163532067	0.257673314656814	0.103793542412338	0.139808853096341	#E3F2FA	0
#9FD7EE	0.239659239094441	0.77007679006641	5-20	469	0.221645163532067	0.257673314656814	0.752069134724408	0.788084445408411	#9FD7EE	0
#A7D9EF	0.239659239094441	0.806092100750415	5-21	470	0.221645163532067	0.257673314656814	0.788084445408413	0.824099756092416	#A7D9EF	0
#A1D7EF	0.239659239094441	0.842107411434418	5-22	471	0.221645163532067	0.257673314656814	0.824099756092416	0.860115066776419	#A1D7EF	0
#9FD6EE	0.239659239094441	0.878122722118423	5-23	472	0.221645163532067	0.257673314656814	0.860115066776421	0.896130377460424	#9FD6EE	0
#9ED6EE	0.239659239094441	0.914138032802426	5-24	473	0.221645163532067	0.257673314656814	0.896130377460424	0.932145688144427	#9ED6EE	0
#F1F8FC	0.239659239094441	0.157816508438344	5-3	474	0.221645163532067	0.257673314656814	0.139808853096343	0.175824163780346	#F1F8FC	0
#F3FAFD	0.239659239094441	0.193831819122348	5-4	475	0.221645163532067	0.257673314656814	0.175824163780346	0.211839474464349	#F3FAFD	0
#F2F9FC	0.239659239094441	0.229847129806352	5-5	476	0.221645163532067	0.257673314656814	0.211839474464351	0.247854785148354	#F2F9FC	0
#E4F3FA	0.239659239094441	0.265862440490356	5-6	477	0.221645163532067	0.257673314656814	0.247854785148354	0.283870095832358	#E4F3FA	0
#D8EEF8	0.239659239094441	0.30187775117436	5-7	478	0.221645163532067	0.257673314656814	0.283870095832358	0.319885406516361	#D8EEF8	0
#D4ECF7	0.239659239094441	0.337893061858364	5-8	479	0.221645163532067	0.257673314656814	0.319885406516362	0.355900717200365	#D4ECF7	0
#C3E5F4	0.239659239094441	0.373908372542368	5-9	480	0.221645163532067	0.257673314656814	0.355900717200366	0.391916027884369	#C3E5F4	0
#D5ECF7	0.275687390219192	0.0857858870703365	6-1	481	0.257673314656818	0.293701465781565	0.0677782317283349	0.103793542412338	#D5ECF7	0
#C6E6F5	0.275687390219192	0.409923683226371	6-10	482	0.257673314656818	0.293701465781565	0.39191602788437	0.427931338568373	#C6E6F5	0
#B1DDF1	0.275687390219192	0.445938993910375	6-11	483	0.257673314656818	0.293701465781565	0.427931338568374	0.463946649252377	#B1DDF1	0
#AADAF0	0.275687390219192	0.481954304594379	6-12	484	0.257673314656818	0.293701465781565	0.463946649252378	0.499961959936381	#AADAF0	0
#ABDBF0	0.275687390219192	0.517969615278383	6-13	485	0.257673314656818	0.293701465781565	0.499961959936382	0.535977270620385	#ABDBF0	0
#AADAF0	0.275687390219192	0.553984925962387	6-14	486	0.257673314656818	0.293701465781565	0.535977270620386	0.571992581304389	#AADAF0	0
#AEDCF1	0.275687390219192	0.590000236646391	6-15	487	0.257673314656818	0.293701465781565	0.571992581304389	0.608007891988392	#AEDCF1	0
#A9DAF0	0.275687390219192	0.626015547330395	6-16	488	0.257673314656818	0.293701465781565	0.608007891988394	0.644023202672397	#A9DAF0	0
#9BD5EE	0.275687390219192	0.662030858014399	6-17	489	0.257673314656818	0.293701465781565	0.644023202672397	0.6800385133564	#9BD5EE	0
#9FD7EE	0.275687390219192	0.698046168698402	6-18	490	0.257673314656818	0.293701465781565	0.6800385133564	0.716053824040404	#9FD7EE	0
#A4D8EF	0.275687390219192	0.734061479382407	6-19	491	0.257673314656818	0.293701465781565	0.716053824040405	0.752069134724408	#A4D8EF	0
#E8F4FA	0.275687390219192	0.12180119775434	6-2	492	0.257673314656818	0.293701465781565	0.103793542412338	0.139808853096341	#E8F4FA	0
#A6D9EF	0.275687390219192	0.77007679006641	6-20	493	0.257673314656818	0.293701465781565	0.752069134724408	0.788084445408411	#A6D9EF	0
#A5D9EF	0.275687390219192	0.806092100750415	6-21	494	0.257673314656818	0.293701465781565	0.788084445408413	0.824099756092416	#A5D9EF	0
#A4D8EF	0.275687390219192	0.842107411434418	6-22	495	0.257673314656818	0.293701465781565	0.824099756092416	0.860115066776419	#A4D8EF	0
#A2D8EF	0.275687390219192	0.878122722118423	6-23	496	0.257673314656818	0.293701465781565	0.860115066776421	0.896130377460424	#A2D8EF	0
#A0D7EE	0.275687390219192	0.914138032802426	6-24	497	0.257673314656818	0.293701465781565	0.896130377460424	0.932145688144427	#A0D7EE	0
#EDF7FB	0.275687390219192	0.157816508438344	6-3	498	0.257673314656818	0.293701465781565	0.139808853096343	0.175824163780346	#EDF7FB	0
#F2F9FC	0.275687390219192	0.193831819122348	6-4	499	0.257673314656818	0.293701465781565	0.175824163780346	0.211839474464349	#F2F9FC	0
#F2F9FC	0.275687390219192	0.229847129806352	6-5	500	0.257673314656818	0.293701465781565	0.211839474464351	0.247854785148354	#F2F9FC	0
#F1F8FC	0.275687390219192	0.265862440490356	6-6	501	0.257673314656818	0.293701465781565	0.247854785148354	0.283870095832358	#F1F8FC	0
#E3F2FA	0.275687390219192	0.30187775117436	6-7	502	0.257673314656818	0.293701465781565	0.283870095832358	0.319885406516361	#E3F2FA	0
#CFEAF6	0.275687390219192	0.337893061858364	6-8	503	0.257673314656818	0.293701465781565	0.319885406516362	0.355900717200365	#CFEAF6	0
#C6E6F5	0.275687390219192	0.373908372542368	6-9	504	0.257673314656818	0.293701465781565	0.355900717200366	0.391916027884369	#C6E6F5	0
#DEF0F9	0.311715541343939	0.0857858870703365	7-1	505	0.293701465781565	0.329729616906312	0.0677782317283349	0.103793542412338	#DEF0F9	0
#C6E6F5	0.311715541343939	0.409923683226371	7-10	506	0.293701465781565	0.329729616906312	0.39191602788437	0.427931338568373	#C6E6F5	0
#AFDDF1	0.311715541343939	0.445938993910375	7-11	507	0.293701465781565	0.329729616906312	0.427931338568374	0.463946649252377	#AFDDF1	0
#AFDDF1	0.311715541343939	0.481954304594379	7-12	508	0.293701465781565	0.329729616906312	0.463946649252378	0.499961959936381	#AFDDF1	0
#B3DEF2	0.311715541343939	0.517969615278383	7-13	509	0.293701465781565	0.329729616906312	0.499961959936382	0.535977270620385	#B3DEF2	0
#ADDCF0	0.311715541343939	0.553984925962387	7-14	510	0.293701465781565	0.329729616906312	0.535977270620386	0.571992581304389	#ADDCF0	0
#AFDDF1	0.311715541343939	0.590000236646391	7-15	511	0.293701465781565	0.329729616906312	0.571992581304389	0.608007891988392	#AFDDF1	0
#9ED6EE	0.311715541343939	0.626015547330395	7-16	512	0.293701465781565	0.329729616906312	0.608007891988394	0.644023202672397	#9ED6EE	0
#9CD5EE	0.311715541343939	0.662030858014399	7-17	513	0.293701465781565	0.329729616906312	0.644023202672397	0.6800385133564	#9CD5EE	0
#A4D8EF	0.311715541343939	0.698046168698402	7-18	514	0.293701465781565	0.329729616906312	0.6800385133564	0.716053824040404	#A4D8EF	0
#A9DAF0	0.311715541343939	0.734061479382407	7-19	515	0.293701465781565	0.329729616906312	0.716053824040405	0.752069134724408	#A9DAF0	0
#EBF6FB	0.311715541343939	0.12180119775434	7-2	516	0.293701465781565	0.329729616906312	0.103793542412338	0.139808853096341	#EBF6FB	0
#A6D9EF	0.311715541343939	0.77007679006641	7-20	517	0.293701465781565	0.329729616906312	0.752069134724408	0.788084445408411	#A6D9EF	0
#A4D8EF	0.311715541343939	0.806092100750415	7-21	518	0.293701465781565	0.329729616906312	0.788084445408413	0.824099756092416	#A4D8EF	0
#A0D7EE	0.311715541343939	0.842107411434418	7-22	519	0.293701465781565	0.329729616906312	0.824099756092416	0.860115066776419	#A0D7EE	0
#A5D9EF	0.311715541343939	0.878122722118423	7-23	520	0.293701465781565	0.329729616906312	0.860115066776421	0.896130377460424	#A5D9EF	0
#A1D7EF	0.311715541343939	0.914138032802426	7-24	521	0.293701465781565	0.329729616906312	0.896130377460424	0.932145688144427	#A1D7EF	0
#E9F5FB	0.311715541343939	0.157816508438344	7-3	522	0.293701465781565	0.329729616906312	0.139808853096343	0.175824163780346	#E9F5FB	0
#F9FCFE	0.311715541343939	0.193831819122348	7-4	523	0.293701465781565	0.329729616906312	0.175824163780346	0.211839474464349	#F9FCFE	0
#F7FBFD	0.311715541343939	0.229847129806352	7-5	524	0.293701465781565	0.329729616906312	0.211839474464351	0.247854785148354	#F7FBFD	0
#F5FAFD	0.311715541343939	0.265862440490356	7-6	525	0.293701465781565	0.329729616906312	0.247854785148354	0.283870095832358	#F5FAFD	0
#E9F5FB	0.311715541343939	0.30187775117436	7-7	526	0.293701465781565	0.329729616906312	0.283870095832358	0.319885406516361	#E9F5FB	0
#D2EBF7	0.311715541343939	0.337893061858364	7-8	527	0.293701465781565	0.329729616906312	0.319885406516362	0.355900717200365	#D2EBF7	0
#C7E7F5	0.311715541343939	0.373908372542368	7-9	528	0.293701465781565	0.329729616906312	0.355900717200366	0.391916027884369	#C7E7F5	0
#E6F4FA	0.34774369246869	0.0857858870703365	8-1	529	0.329729616906317	0.365757768031064	0.0677782317283349	0.103793542412338	#E6F4FA	0
#C6E6F5	0.34774369246869	0.409923683226371	8-10	530	0.329729616906317	0.365757768031064	0.39191602788437	0.427931338568373	#C6E6F5	0
#B3DEF2	0.34774369246869	0.445938993910375	8-11	531	0.329729616906317	0.365757768031064	0.427931338568374	0.463946649252377	#B3DEF2	0
#B2DEF1	0.34774369246869	0.481954304594379	8-12	532	0.329729616906317	0.365757768031064	0.463946649252378	0.499961959936381	#B2DEF1	0
#AEDCF1	0.34774369246869	0.517969615278383	8-13	533	0.329729616906317	0.365757768031064	0.499961959936382	0.535977270620385	#AEDCF1	0
#B0DDF1	0.34774369246869	0.553984925962387	8-14	534	0.329729616906317	0.365757768031064	0.535977270620386	0.571992581304389	#B0DDF1	0
#B0DDF1	0.34774369246869	0.590000236646391	8-15	535	0.329729616906317	0.365757768031064	0.571992581304389	0.608007891988392	#B0DDF1	0
#A1D7EF	0.34774369246869	0.626015547330395	8-16	536	0.329729616906317	0.365757768031064	0.608007891988394	0.644023202672397	#A1D7EF	0
#A0D7EE	0.34774369246869	0.662030858014399	8-17	537	0.329729616906317	0.365757768031064	0.644023202672397	0.6800385133564	#A0D7EE	0
#AADAF0	0.34774369246869	0.698046168698402	8-18	538	0.329729616906317	0.365757768031064	0.6800385133564	0.716053824040404	#AADAF0	0
#AADAF0	0.34774369246869	0.734061479382407	8-19	539	0.329729616906317	0.365757768031064	0.716053824040405	0.752069134724408	#AADAF0	0
#EBF6FB	0.34774369246869	0.12180119775434	8-2	540	0.329729616906317	0.365757768031064	0.103793542412338	0.139808853096341	#EBF6FB	0
#A4D8EF	0.34774369246869	0.77007679006641	8-20	541	0.329729616906317	0.365757768031064	0.752069134724408	0.788084445408411	#A4D8EF	0
#9FD6EE	0.34774369246869	0.806092100750415	8-21	542	0.329729616906317	0.365757768031064	0.788084445408413	0.824099756092416	#9FD6EE	0
#9ED6EE	0.34774369246869	0.842107411434418	8-22	543	0.329729616906317	0.365757768031064	0.824099756092416	0.860115066776419	#9ED6EE	0
#A5D9EF	0.34774369246869	0.878122722118423	8-23	544	0.329729616906317	0.365757768031064	0.860115066776421	0.896130377460424	#A5D9EF	0
#A1D7EF	0.34774369246869	0.914138032802426	8-24	545	0.329729616906317	0.365757768031064	0.896130377460424	0.932145688144427	#A1D7EF	0
#EAF6FB	0.34774369246869	0.157816508438344	8-3	546	0.329729616906317	0.365757768031064	0.139808853096343	0.175824163780346	#EAF6FB	0
#F6FBFD	0.34774369246869	0.193831819122348	8-4	547	0.329729616906317	0.365757768031064	0.175824163780346	0.211839474464349	#F6FBFD	0
#F4FAFD	0.34774369246869	0.229847129806352	8-5	548	0.329729616906317	0.365757768031064	0.211839474464351	0.247854785148354	#F4FAFD	0
#F5FAFD	0.34774369246869	0.265862440490356	8-6	549	0.329729616906317	0.365757768031064	0.247854785148354	0.283870095832358	#F5FAFD	0
#E3F2FA	0.34774369246869	0.30187775117436	8-7	550	0.329729616906317	0.365757768031064	0.283870095832358	0.319885406516361	#E3F2FA	0
#D0EAF6	0.34774369246869	0.337893061858364	8-8	551	0.329729616906317	0.365757768031064	0.319885406516362	0.355900717200365	#D0EAF6	0
#C6E6F5	0.34774369246869	0.373908372542368	8-9	552	0.329729616906317	0.365757768031064	0.355900717200366	0.391916027884369	#C6E6F5	0
#E6F4FA	0.383771843593442	0.0857858870703365	9-1	553	0.365757768031068	0.401785919155815	0.0677782317283349	0.103793542412338	#E6F4FA	0
#CAE8F5	0.383771843593442	0.409923683226371	9-10	554	0.365757768031068	0.401785919155815	0.39191602788437	0.427931338568373	#CAE8F5	0
#B1DDF1	0.383771843593442	0.445938993910375	9-11	555	0.365757768031068	0.401785919155815	0.427931338568374	0.463946649252377	#B1DDF1	0
#B2DEF1	0.383771843593442	0.481954304594379	9-12	556	0.365757768031068	0.401785919155815	0.463946649252378	0.499961959936381	#B2DEF1	0
#AEDCF1	0.383771843593442	0.517969615278383	9-13	557	0.365757768031068	0.401785919155815	0.499961959936382	0.535977270620385	#AEDCF1	0
#AEDCF1	0.383771843593442	0.553984925962387	9-14	558	0.365757768031068	0.401785919155815	0.535977270620386	0.571992581304389	#AEDCF1	0
#AFDDF1	0.383771843593442	0.590000236646391	9-15	559	0.365757768031068	0.401785919155815	0.571992581304389	0.608007891988392	#AFDDF1	0
#9AD5ED	0.383771843593442	0.626015547330395	9-16	560	0.365757768031068	0.401785919155815	0.608007891988394	0.644023202672397	#9AD5ED	0
#AADAF0	0.383771843593442	0.662030858014399	9-17	561	0.365757768031068	0.401785919155815	0.644023202672397	0.6800385133564	#AADAF0	0
#ABDBF0	0.383771843593442	0.698046168698402	9-18	562	0.365757768031068	0.401785919155815	0.6800385133564	0.716053824040404	#ABDBF0	0
#ACDBF0	0.383771843593442	0.734061479382407	9-19	563	0.365757768031068	0.401785919155815	0.716053824040405	0.752069134724408	#ACDBF0	0
#E4F3FA	0.383771843593442	0.12180119775434	9-2	564	0.365757768031068	0.401785919155815	0.103793542412338	0.139808853096341	#E4F3FA	0
#ABDBF0	0.383771843593442	0.77007679006641	9-20	565	0.365757768031068	0.401785919155815	0.752069134724408	0.788084445408411	#ABDBF0	0
#A6D9EF	0.383771843593442	0.806092100750415	9-21	566	0.365757768031068	0.401785919155815	0.788084445408413	0.824099756092416	#A6D9EF	0
#9ED6EE	0.383771843593442	0.842107411434418	9-22	567	0.365757768031068	0.401785919155815	0.824099756092416	0.860115066776419	#9ED6EE	0
#A3D8EF	0.383771843593442	0.878122722118423	9-23	568	0.365757768031068	0.401785919155815	0.860115066776421	0.896130377460424	#A3D8EF	0
#A0D7EE	0.383771843593442	0.914138032802426	9-24	569	0.365757768031068	0.401785919155815	0.896130377460424	0.932145688144427	#A0D7EE	0
#F0F8FC	0.383771843593442	0.157816508438344	9-3	570	0.365757768031068	0.401785919155815	0.139808853096343	0.175824163780346	#F0F8FC	0
#F7FBFD	0.383771843593442	0.193831819122348	9-4	571	0.365757768031068	0.401785919155815	0.175824163780346	0.211839474464349	#F7FBFD	0
#F9FCFD	0.383771843593442	0.229847129806352	9-5	572	0.365757768031068	0.401785919155815	0.211839474464351	0.247854785148354	#F9FCFD	0
#F8FCFD	0.383771843593442	0.265862440490356	9-6	573	0.365757768031068	0.401785919155815	0.247854785148354	0.283870095832358	#F8FCFD	0
#E0F1F9	0.383771843593442	0.30187775117436	9-7	574	0.365757768031068	0.401785919155815	0.283870095832358	0.319885406516361	#E0F1F9	0
#CCE9F6	0.383771843593442	0.337893061858364	9-8	575	0.365757768031068	0.401785919155815	0.319885406516362	0.355900717200365	#CCE9F6	0
#BCE2F3	0.383771843593442	0.373908372542368	9-9	576	0.365757768031068	0.401785919155815	0.355900717200366	0.391916027884369	#BCE2F3	0
