colour,fill,x,y,PANEL,group
#F8766D,#F8766D,0.53785366304945,0.649537467731,1,1
#F8766D,#F8766D,0.592810541059819,0.70609783210268,1,1
#F8766D,#F8766D,0.509556646677476,0.537508003185286,1,1
#F8766D,#F8766D,0.514795824739744,0.541171913825901,1,1
#F8766D,#F8766D,0.813506890048179,0.954545454545455,1,1
#F8766D,#F8766D,0.591437777270714,0.579734425587014,1,1
#F8766D,#F8766D,0.658077747188166,0.534624526387216,1,1
#F8766D,#F8766D,0.63356841053477,0.550216538562332,1,1
#F8766D,#F8766D,0.621016392275799,0.717213969828728,1,1
#F8766D,#F8766D,0.659818956727938,0.517023485790823,1,1
#F8766D,#F8766D,0.586560505119989,0.529382993369641,1,1
#F8766D,#F8766D,0.595861584918632,0.731992536362381,1,1
#F8766D,#F8766D,0.676278288021511,0.708604516596818,1,1
#F8766D,#F8766D,0.729137426148844,0.536138612304935,1,1
#F8766D,#F8766D,0.620803415496274,0.559066758616388,1,1
#F8766D,#F8766D,0.608928961216909,0.55591427818923,1,1
#F8766D,#F8766D,0.711786082659116,0.663129721106492,1,1
#F8766D,#F8766D,0.53997495084753,0.78362006189579,1,1
#F8766D,#F8766D,0.600410883896883,0.556006849592039,1,1
#F8766D,#F8766D,0.553994187425747,0.799685053826582,1,1
#F8766D,#F8766D,0.749945107207578,0.68490966961535,1,1
#F8766D,#F8766D,0.757114941779487,0.572581752242277,1,1
#F8766D,#F8766D,0.533802993838864,0.54111285315091,1,1
#F8766D,#F8766D,0.635656243555806,0.787568787924724,1,1
#F8766D,#F8766D,0.713310529335495,0.681041039284059,1,1
#F8766D,#F8766D,0.559701692122458,0.565105803904609,1,1
#F8766D,#F8766D,0.720970676571522,0.530788322105806,1,1
#F8766D,#F8766D,0.545227278001801,0.800297147526967,1,1
#F8766D,#F8766D,0.658624679585652,0.640537643406998,1,1
#F8766D,#F8766D,0.807189569273672,0.807115472222225,1,1
#F8766D,#F8766D,0.564732385018472,0.706975586387993,1,1
#F8766D,#F8766D,0.716099650323045,0.711183363889497,1,1
#F8766D,#F8766D,0.810241337766713,0.667095780652765,1,1
#F8766D,#F8766D,0.617127405858001,0.509497942260572,1,1
#F8766D,#F8766D,0.704804887844362,0.54466399919195,1,1
#F8766D,#F8766D,0.706732238378117,0.625375252076537,1,1
#F8766D,#F8766D,0.571357394571221,0.640613041013769,1,1
#F8766D,#F8766D,0.549740528329817,0.678689364833167,1,1
#F8766D,#F8766D,0.624142791892409,0.520543684726314,1,1
#F8766D,#F8766D,0.512837969736856,0.515129973106963,1,1
#F8766D,#F8766D,0.501685101644335,0.601820401419765,1,1
#F8766D,#F8766D,0.542427071737763,0.664611838104524,1,1
#F8766D,#F8766D,0.686589455107622,0.552350314387285,1,1
#F8766D,#F8766D,0.553764351350199,0.642556350432204,1,1
#F8766D,#F8766D,0.512261048916026,0.511974721174118,1,1
#F8766D,#F8766D,0.535157317439401,0.654774843266875,1,1
#F8766D,#F8766D,0.609079476633523,0.521348166873216,1,1
#F8766D,#F8766D,0.550426370178934,0.581327419209209,1,1
#F8766D,#F8766D,0.527087101779946,0.563275994725766,1,1
#F8766D,#F8766D,0.502287091290668,0.599393353664795,1,1
#F8766D,#F8766D,0.539428210006619,0.657339147527411,1,1
#F8766D,#F8766D,0.584351538452465,0.525581658464404,1,1
#F8766D,#F8766D,0.541028037537688,0.734770753512468,1,1
#F8766D,#F8766D,0.578553179174741,0.531614653318813,1,1
#F8766D,#F8766D,0.632217338536235,0.653190273073037,1,1
#F8766D,#F8766D,0.720143027640522,0.535544006902999,1,1
#F8766D,#F8766D,0.534510312093648,0.645489772656687,1,1
#F8766D,#F8766D,0.543316646669634,0.639960640599232,1,1
#F8766D,#F8766D,0.740667953936912,0.526811253158496,1,1
#F8766D,#F8766D,0.535734201516669,0.61760651678118,1,1
#F8766D,#F8766D,0.75157979826168,0.651031344059541,1,1
#F8766D,#F8766D,0.522240817637468,0.752754481925717,1,1
#F8766D,#F8766D,0.705774625518735,0.56615419243645,1,1
#F8766D,#F8766D,0.776113368313236,0.624294415113174,1,1
#F8766D,#F8766D,0.617791784434729,0.630530688966435,1,1
#F8766D,#F8766D,0.546011224130534,0.508682927203884,1,1
#F8766D,#F8766D,0.673711401578568,0.511622391558874,1,1
#F8766D,#F8766D,0.585224972902502,0.631796274924678,1,1
#F8766D,#F8766D,0.630756301639039,0.622909120286423,1,1
#F8766D,#F8766D,0.53527435531855,0.558219013664666,1,1
#F8766D,#F8766D,0.523867280708605,0.569008786281437,1,1
#F8766D,#F8766D,0.576435493137147,0.75229517418562,1,1
#F8766D,#F8766D,0.514076786166764,0.516410670918176,1,1
#F8766D,#F8766D,0.531264026677541,0.580417129916007,1,1
#F8766D,#F8766D,0.58602917373268,0.563422725483535,1,1
#F8766D,#F8766D,0.611225162237169,0.669941879708435,1,1
#F8766D,#F8766D,0.526185369728196,0.75228419019837,1,1
#F8766D,#F8766D,0.561652455089024,0.582490258400634,1,1
#F8766D,#F8766D,0.655204208482883,0.623102039817801,1,1
#F8766D,#F8766D,0.592521549662466,0.614557666725921,1,1
#F8766D,#F8766D,0.727911540630067,0.656429822650503,1,1
#F8766D,#F8766D,0.598662266613325,0.510944691676494,1,1
#F8766D,#F8766D,0.700712140835371,0.632424331896346,1,1
#F8766D,#F8766D,0.536262610953079,0.590263522655998,1,1
#F8766D,#F8766D,0.762384143850174,0.533120710920343,1,1
#F8766D,#F8766D,0.579505037838026,0.55278334137892,1,1
#F8766D,#F8766D,0.833759789777758,0.533670772531121,1,1
#F8766D,#F8766D,0.636847292681653,0.557952099841282,1,1
#F8766D,#F8766D,0.621477650218057,0.670891169681153,1,1
#F8766D,#F8766D,0.721126611420608,0.509342155590219,1,1
#F8766D,#F8766D,0.508886675347646,0.637415821154434,1,1
#F8766D,#F8766D,0.831637869715158,0.704398405041626,1,1
#F8766D,#F8766D,0.67140832167703,0.555280308417086,1,1
#F8766D,#F8766D,0.6865936854549,0.731549874573076,1,1
#F8766D,#F8766D,0.622816509791266,0.649872843946543,1,1
#F8766D,#F8766D,0.658052699479634,0.57480450510623,1,1
#F8766D,#F8766D,0.537113659227535,0.701712078441184,1,1
#F8766D,#F8766D,0.586929164784943,0.648757510976257,1,1
#F8766D,#F8766D,0.598219125594641,0.540987229103338,1,1
#F8766D,#F8766D,0.53687563292982,0.560549531784574,1,1
#F8766D,#F8766D,0.525208064873836,0.531543679999197,1,1
#F8766D,#F8766D,0.734576596028215,0.533454251374167,1,1
#F8766D,#F8766D,0.530703258114739,0.547661643771981,1,1
#F8766D,#F8766D,0.502232964649962,0.680243083337999,1,1
#F8766D,#F8766D,0.568998908890475,0.50580570788301,1,1
#F8766D,#F8766D,0.643091175620984,0.671784883878979,1,1
#F8766D,#F8766D,0.561384602353196,0.524990517217059,1,1
#F8766D,#F8766D,0.580747429370964,0.542491313026054,1,1
#F8766D,#F8766D,0.640745816715589,0.579025570640968,1,1
#F8766D,#F8766D,0.718234257390087,0.507941071657857,1,1
#F8766D,#F8766D,0.635824257874035,0.513018806629322,1,1
#F8766D,#F8766D,0.558145944229968,0.507550360711972,1,1
#F8766D,#F8766D,0.518058211389862,0.608004078779933,1,1
#F8766D,#F8766D,0.831608442886545,0.523911307481309,1,1
#F8766D,#F8766D,0.512221026425827,0.666623256318841,1,1
#F8766D,#F8766D,0.574859293258831,0.529816491192892,1,1
#F8766D,#F8766D,0.593131706100565,0.731372966394526,1,1
#F8766D,#F8766D,0.592069518922786,0.555688593164715,1,1
#F8766D,#F8766D,0.678569127424882,0.524017310577015,1,1
#F8766D,#F8766D,0.526913318296167,0.727469870027393,1,1
#F8766D,#F8766D,0.56915041346781,0.801400720878412,1,1
#F8766D,#F8766D,0.763232738330732,0.508703784790895,1,1
#F8766D,#F8766D,0.635061883628922,0.696594009799106,1,1
#F8766D,#F8766D,0.637199195210047,0.648071615460345,1,1
#F8766D,#F8766D,0.592914892358507,0.627384682980242,1,1
#F8766D,#F8766D,0.708766830343491,0.73654598667607,1,1
#F8766D,#F8766D,0.606103769462751,0.735898542264411,1,1
#F8766D,#F8766D,0.634203174583115,0.64522464493796,1,1
#F8766D,#F8766D,0.649696360150243,0.700371589239795,1,1
#F8766D,#F8766D,0.677218567002787,0.61250933154355,1,1
#F8766D,#F8766D,0.547532352078495,0.847232865167042,1,1
#F8766D,#F8766D,0.620230828867404,0.574673148861697,1,1
#F8766D,#F8766D,0.705838858606907,0.785883379176525,1,1
#F8766D,#F8766D,0.660987371871193,0.634150386296535,1,1
#F8766D,#F8766D,0.559984712837336,0.718552542565311,1,1
#F8766D,#F8766D,0.665238596108487,0.557764297627099,1,1
#F8766D,#F8766D,0.710490761301796,0.570465055600433,1,1
#F8766D,#F8766D,0.532027819611387,0.721089156624704,1,1
#F8766D,#F8766D,0.632143838740939,0.568447118203828,1,1
#F8766D,#F8766D,0.578394262338323,0.531355950500327,1,1
#F8766D,#F8766D,0.665825233220275,0.527945082501307,1,1
#F8766D,#F8766D,0.570959235279972,0.844220906308671,1,1
#F8766D,#F8766D,0.608193229873775,0.649468789854604,1,1
#F8766D,#F8766D,0.716267619846809,0.595607871933645,1,1
#F8766D,#F8766D,0.609984166428635,0.790659277763919,1,1
#F8766D,#F8766D,0.634956828753182,0.573760744235031,1,1
#F8766D,#F8766D,0.6457482588266,0.671229976670447,1,1
#F8766D,#F8766D,0.601510792531286,0.657816695826619,1,1
#F8766D,#F8766D,0.618877625968956,0.675838005961283,1,1
#F8766D,#F8766D,0.506932892411141,0.666570457360612,1,1
#F8766D,#F8766D,0.704662458634556,0.570444338557798,1,1
#F8766D,#F8766D,0.594450624580664,0.551840983840379,1,1
#F8766D,#F8766D,0.68502227524396,0.591777122874931,1,1
#F8766D,#F8766D,0.634613614362999,0.657033763461346,1,1
#F8766D,#F8766D,0.701734963499095,0.622350008493739,1,1
#F8766D,#F8766D,0.605232429041831,0.598398423531248,1,1
#F8766D,#F8766D,0.808077582542669,0.727576939642193,1,1
#F8766D,#F8766D,0.646438049762435,0.704577640904282,1,1
#F8766D,#F8766D,0.507075922939461,0.530480551493511,1,1
#F8766D,#F8766D,0.567740703253366,0.684784519825596,1,1
#F8766D,#F8766D,0.501895517840389,0.613262386621877,1,1
#F8766D,#F8766D,0.710349888162751,0.620583254738354,1,1
#F8766D,#F8766D,0.810077564491098,0.642603056505468,1,1
#F8766D,#F8766D,0.59563736066446,0.683267315412566,1,1
#F8766D,#F8766D,0.669378088510721,0.698773145235628,1,1
#F8766D,#F8766D,0.520012379825569,0.600846663515456,1,1
#F8766D,#F8766D,0.52849677668006,0.580847922773637,1,1
#F8766D,#F8766D,0.537339884239362,0.531611206109397,1,1
#F8766D,#F8766D,0.600300232940487,0.598034810563213,1,1
#F8766D,#F8766D,0.620443445076721,0.585826956406758,1,1
#F8766D,#F8766D,0.649305389929949,0.610648734104983,1,1
#F8766D,#F8766D,0.506917481230099,0.574521985203152,1,1
#F8766D,#F8766D,0.612377735944277,0.506066039141617,1,1
#F8766D,#F8766D,0.755753433173691,0.525913965483019,1,1
#F8766D,#F8766D,0.739844596180053,0.607497137867948,1,1
#F8766D,#F8766D,0.541271918049181,0.652136827319117,1,1
#F8766D,#F8766D,0.508513458851922,0.571999604813846,1,1
#F8766D,#F8766D,0.583803670339201,0.733078920389282,1,1
#F8766D,#F8766D,0.507678039075084,0.535370981031765,1,1
#F8766D,#F8766D,0.527042883057262,0.576941353709908,1,1
#F8766D,#F8766D,0.874856542283591,0.596412597651545,1,1
#F8766D,#F8766D,0.511189978325777,0.578336736531448,1,1
#F8766D,#F8766D,0.828446412817724,0.563684299791645,1,1
#F8766D,#F8766D,0.594039313194637,0.562453146790359,1,1
#F8766D,#F8766D,0.573145357438858,0.597886297308187,1,1
#F8766D,#F8766D,0.622667586718914,0.518922538087755,1,1
#F8766D,#F8766D,0.6373654337086,0.572195476416754,1,1
#F8766D,#F8766D,0.566955555028721,0.509797992421478,1,1
#F8766D,#F8766D,0.863596460289214,0.611081686947171,1,1
#F8766D,#F8766D,0.773306239879853,0.839148860876694,1,1
#F8766D,#F8766D,0.668524007846582,0.556168513794339,1,1
#F8766D,#F8766D,0.637229775939311,0.50588603680434,1,1
#F8766D,#F8766D,0.549282623338546,0.652249780572563,1,1
#F8766D,#F8766D,0.549118892635033,0.682901025045321,1,1
#F8766D,#F8766D,0.5017664528731,0.707833470247235,1,1
#F8766D,#F8766D,0.625100148625419,0.582165310050404,1,1
#F8766D,#F8766D,0.609241783999471,0.509210154027589,1,1
#F8766D,#F8766D,0.837394672616041,0.570671450314258,1,1
#F8766D,#F8766D,0.542161553460426,0.665621729710302,1,1
#F8766D,#F8766D,0.537917831657602,0.513383041776615,1,1
#F8766D,#F8766D,0.579430116967731,0.734244223919747,1,1
#F8766D,#F8766D,0.74026503764299,0.590346470622489,1,1
#F8766D,#F8766D,0.554136749765918,0.751212172227629,1,1
#F8766D,#F8766D,0.842255469242349,0.670773769219935,1,1
#F8766D,#F8766D,0.528019465733813,0.800546761987327,1,1
#F8766D,#F8766D,0.68828392420601,0.856124211073606,1,1
#F8766D,#F8766D,0.585366665001134,0.677375960903584,1,1
#F8766D,#F8766D,0.62731437668757,0.635958568534907,1,1
#F8766D,#F8766D,0.543583437009009,0.525363775981315,1,1
#F8766D,#F8766D,0.578127492282158,0.555546527637781,1,1
#F8766D,#F8766D,0.502695895880423,0.672109773049605,1,1
#F8766D,#F8766D,0.699380180209492,0.574188104649292,1,1
#F8766D,#F8766D,0.688665285637857,0.595398174874564,1,1
#F8766D,#F8766D,0.696706404434919,0.739903336926074,1,1
#F8766D,#F8766D,0.634489565308947,0.560422562137665,1,1
#F8766D,#F8766D,0.526219051023887,0.57807747004915,1,1
#F8766D,#F8766D,0.538837793728905,0.647661724788154,1,1
#F8766D,#F8766D,0.550244887028029,0.619109553320175,1,1
#F8766D,#F8766D,0.522975212697641,0.659463163116631,1,1
#F8766D,#F8766D,0.635038197385179,0.597570216312213,1,1
#F8766D,#F8766D,0.619908135341786,0.52525492839591,1,1
#F8766D,#F8766D,0.788131946013825,0.586313173120194,1,1
#F8766D,#F8766D,0.668445353732863,0.624905397145324,1,1
#F8766D,#F8766D,0.738555878852712,0.711257315816243,1,1
#F8766D,#F8766D,0.514134163579358,0.524200118318582,1,1
#F8766D,#F8766D,0.663729823452332,0.749572331258719,1,1
#F8766D,#F8766D,0.803733567015242,0.538642109963189,1,1
#F8766D,#F8766D,0.577726709629484,0.63836517730156,1,1
#F8766D,#F8766D,0.653443424284531,0.555263812953773,1,1
#F8766D,#F8766D,0.632627275595112,0.598075278882092,1,1
#F8766D,#F8766D,0.595014437132295,0.518571244094806,1,1
#F8766D,#F8766D,0.573276880707927,0.581231896046849,1,1
#F8766D,#F8766D,0.537209703299081,0.545373912679288,1,1
#F8766D,#F8766D,0.611031926408981,0.832277249391598,1,1
#F8766D,#F8766D,0.954545454545454,0.616748083745084,1,1
#F8766D,#F8766D,0.53906566995511,0.662571519504446,1,1
#F8766D,#F8766D,0.569508919546301,0.68116864085599,1,1
#F8766D,#F8766D,0.886768524700819,0.590645123908212,1,1
#F8766D,#F8766D,0.585213869382526,0.773573656393774,1,1
#F8766D,#F8766D,0.634266944571584,0.861574780497838,1,1
#F8766D,#F8766D,0.549798078198745,0.767758648856512,1,1
#7CAE00,#7CAE00,0.421052723692291,0.58675473673025,1,2
#7CAE00,#7CAE00,0.499857066483704,0.510646043432335,1,2
#7CAE00,#7CAE00,0.360386283450725,0.660612032211199,1,2
#7CAE00,#7CAE00,0.427496506719222,0.545297120878183,1,2
#7CAE00,#7CAE00,0.489869566268944,0.705201519128662,1,2
#7CAE00,#7CAE00,0.499251434121695,0.519128616916935,1,2
#7CAE00,#7CAE00,0.496970068264853,0.593682236493621,1,2
#7CAE00,#7CAE00,0.368485167341229,0.649647014461221,1,2
#7CAE00,#7CAE00,0.255339765421549,0.617998136424916,1,2
#7CAE00,#7CAE00,0.484445937452292,0.650761663379832,1,2
#7CAE00,#7CAE00,0.409908632946658,0.603657023227898,1,2
#7CAE00,#7CAE00,0.407977023592098,0.530368474550239,1,2
#7CAE00,#7CAE00,0.182534685472368,0.520855714319067,1,2
#7CAE00,#7CAE00,0.491900511235979,0.666715969845665,1,2
#7CAE00,#7CAE00,0.420007555066494,0.587075105624677,1,2
#7CAE00,#7CAE00,0.292221906256539,0.877534498204543,1,2
#7CAE00,#7CAE00,0.380113213588147,0.515378026730479,1,2
#7CAE00,#7CAE00,0.296992403164905,0.761702330298254,1,2
#7CAE00,#7CAE00,0.418957224627647,0.540674497988938,1,2
#7CAE00,#7CAE00,0.372211727319832,0.663428099589314,1,2
#7CAE00,#7CAE00,0.189809509922794,0.62179105094882,1,2
#7CAE00,#7CAE00,0.374968751637445,0.700178703922272,1,2
#7CAE00,#7CAE00,0.230293171413576,0.69471360051075,1,2
#7CAE00,#7CAE00,0.401753999048649,0.695059545498732,1,2
#7CAE00,#7CAE00,0.485410584830289,0.555729542602385,1,2
#7CAE00,#7CAE00,0.407143757135807,0.565220968100726,1,2
#7CAE00,#7CAE00,0.366313850055646,0.513590762167598,1,2
#7CAE00,#7CAE00,0.469049272699244,0.514752671930435,1,2
#7CAE00,#7CAE00,0.389492470648277,0.673299858818146,1,2
#7CAE00,#7CAE00,0.451393830039597,0.525937821470588,1,2
#7CAE00,#7CAE00,0.421731348374754,0.685208548045088,1,2
#7CAE00,#7CAE00,0.248059830171048,0.598641427220008,1,2
#7CAE00,#7CAE00,0.420126594971515,0.726964981025693,1,2
#7CAE00,#7CAE00,0.336356122383083,0.631316838628055,1,2
#7CAE00,#7CAE00,0.341947294003152,0.531464220502657,1,2
#7CAE00,#7CAE00,0.158341757523313,0.537837765815898,1,2
#7CAE00,#7CAE00,0.48577278509868,0.673544151838242,1,2
#7CAE00,#7CAE00,0.358802445396853,0.718137385868531,1,2
#7CAE00,#7CAE00,0.430750784441052,0.566534149221156,1,2
#7CAE00,#7CAE00,0.470324913878263,0.561717675852238,1,2
#7CAE00,#7CAE00,0.227215101250942,0.618634753871842,1,2
#7CAE00,#7CAE00,0.275871896712429,0.694597292698659,1,2
#7CAE00,#7CAE00,0.236411622158798,0.529537901005821,1,2
#7CAE00,#7CAE00,0.449119750991591,0.51351919883896,1,2
#7CAE00,#7CAE00,0.404516708263259,0.591245151052171,1,2
#7CAE00,#7CAE00,0.41103466365903,0.605529960401344,1,2
#7CAE00,#7CAE00,0.378440535721313,0.673995178527276,1,2
#7CAE00,#7CAE00,0.288113257776868,0.658020476030233,1,2
#7CAE00,#7CAE00,0.364176715849008,0.753578075480578,1,2
#7CAE00,#7CAE00,0.323497250836952,0.553116987273222,1,2
#7CAE00,#7CAE00,0.425126568971958,0.590555345594692,1,2
#7CAE00,#7CAE00,0.447708009835706,0.513684792709884,1,2
#7CAE00,#7CAE00,0.381045039386423,0.580104860219669,1,2
#7CAE00,#7CAE00,0.288965644057157,0.709692056378033,1,2
#7CAE00,#7CAE00,0.382978974236347,0.506295093411313,1,2
#7CAE00,#7CAE00,0.361774491087975,0.705616769798786,1,2
#7CAE00,#7CAE00,0.301926819953485,0.533425937052055,1,2
#7CAE00,#7CAE00,0.47237775313039,0.654492765780568,1,2
#7CAE00,#7CAE00,0.41483871734329,0.507515598149684,1,2
#7CAE00,#7CAE00,0.329814025046345,0.713713359504812,1,2
#7CAE00,#7CAE00,0.32848964876255,0.538237386149278,1,2
#7CAE00,#7CAE00,0.406121329498253,0.625200405487578,1,2
#7CAE00,#7CAE00,0.465312179252526,0.564063739728042,1,2
#7CAE00,#7CAE00,0.453422517086682,0.540574742166771,1,2
#7CAE00,#7CAE00,0.347775741857824,0.574304409898047,1,2
#7CAE00,#7CAE00,0.28372120071655,0.589161333344822,1,2
#7CAE00,#7CAE00,0.388922292230127,0.722200337858998,1,2
#7CAE00,#7CAE00,0.296055398694198,0.674623608290265,1,2
#7CAE00,#7CAE00,0.456014780748448,0.696861198594374,1,2
#7CAE00,#7CAE00,0.467015942652347,0.90109905441535,1,2
#7CAE00,#7CAE00,0.343478204228339,0.684949700523153,1,2
#7CAE00,#7CAE00,0.369685956221358,0.582287598667985,1,2
#7CAE00,#7CAE00,0.250687834067735,0.61069240536328,1,2
#7CAE00,#7CAE00,0.413971537564337,0.808221522362828,1,2
#7CAE00,#7CAE00,0.476130082924843,0.511923910729822,1,2
#7CAE00,#7CAE00,0.290547496951654,0.783291665891932,1,2
#7CAE00,#7CAE00,0.224063649950648,0.628798440140268,1,2
#7CAE00,#7CAE00,0.435418120213808,0.6723264508909,1,2
#7CAE00,#7CAE00,0.181815989811933,0.650605908859429,1,2
#7CAE00,#7CAE00,0.492374270897754,0.807688951606396,1,2
#7CAE00,#7CAE00,0.319111672470628,0.578480907860385,1,2
#7CAE00,#7CAE00,0.349531587107577,0.737057354972212,1,2
#7CAE00,#7CAE00,0.263598197852531,0.60030681636276,1,2
#7CAE00,#7CAE00,0.47017086327159,0.533566315924495,1,2
#7CAE00,#7CAE00,0.375610457904712,0.663919839597046,1,2
#7CAE00,#7CAE00,0.453971187286531,0.640734429492024,1,2
#7CAE00,#7CAE00,0.363404825625705,0.770650706019551,1,2
#7CAE00,#7CAE00,0.434666257873731,0.613197025014261,1,2
#7CAE00,#7CAE00,0.3572126837755,0.588209628068734,1,2
#7CAE00,#7CAE00,0.418043917289125,0.706144301286124,1,2
#7CAE00,#7CAE00,0.486587406770926,0.544608955399043,1,2
#7CAE00,#7CAE00,0.478501823763519,0.790887591236214,1,2
#7CAE00,#7CAE00,0.380189989390098,0.61561826377122,1,2
#7CAE00,#7CAE00,0.413181689582632,0.658089898295711,1,2
#7CAE00,#7CAE00,0.375968577522637,0.566063132454392,1,2
#7CAE00,#7CAE00,0.390786792115417,0.730426329956488,1,2
#7CAE00,#7CAE00,0.497520038981204,0.559137883328552,1,2
#7CAE00,#7CAE00,0.350611046299578,0.651736818188537,1,2
#7CAE00,#7CAE00,0.282577525646746,0.559622298596933,1,2
#7CAE00,#7CAE00,0.466789435321362,0.681565383815642,1,2
#7CAE00,#7CAE00,0.416173852358012,0.821906784277125,1,2
#7CAE00,#7CAE00,0.423728728343242,0.527470120083546,1,2
#7CAE00,#7CAE00,0.460546600300139,0.692449984152344,1,2
#7CAE00,#7CAE00,0.36527963480364,0.593474636880922,1,2
#7CAE00,#7CAE00,0.494309925415242,0.511146933914004,1,2
#7CAE00,#7CAE00,0.387985554575828,0.633090764639505,1,2
#7CAE00,#7CAE00,0.450841343950506,0.698226860766865,1,2
#7CAE00,#7CAE00,0.0913181152600419,0.633325749320176,1,2
#7CAE00,#7CAE00,0.418268809068354,0.518413850020357,1,2
#7CAE00,#7CAE00,0.48515174170509,0.547137688076437,1,2
#7CAE00,#7CAE00,0.288942402494311,0.508921156895144,1,2
#7CAE00,#7CAE00,0.255729534302726,0.574924678545176,1,2
#7CAE00,#7CAE00,0.228824671118741,0.51343600668175,1,2
#7CAE00,#7CAE00,0.469633945817673,0.71774218942253,1,2
#7CAE00,#7CAE00,0.479788759337829,0.522230028224562,1,2
#7CAE00,#7CAE00,0.470077473034608,0.863707886812101,1,2
#7CAE00,#7CAE00,0.121020313955966,0.642302425988196,1,2
#7CAE00,#7CAE00,0.425486205876472,0.679176081996984,1,2
#7CAE00,#7CAE00,0.418084159044293,0.619124303066752,1,2
#7CAE00,#7CAE00,0.271305522830552,0.545500183940891,1,2
#7CAE00,#7CAE00,0.317763557264901,0.552232137317686,1,2
#7CAE00,#7CAE00,0.365001787828457,0.641139358003154,1,2
#7CAE00,#7CAE00,0.363588906686449,0.741282006623733,1,2
#7CAE00,#7CAE00,0.387983643536428,0.589336705272818,1,2
#7CAE00,#7CAE00,0.393181444464002,0.679327064380627,1,2
#7CAE00,#7CAE00,0.312658813974397,0.541760674503693,1,2
#7CAE00,#7CAE00,0.457372733648254,0.595876279913248,1,2
#7CAE00,#7CAE00,0.482971905510277,0.635608503506163,1,2
#7CAE00,#7CAE00,0.279164363824979,0.615217084486137,1,2
#7CAE00,#7CAE00,0.423759304984365,0.539529823633984,1,2
#7CAE00,#7CAE00,0.282229498645147,0.637304767134168,1,2
#7CAE00,#7CAE00,0.339141284965992,0.583256879457569,1,2
#7CAE00,#7CAE00,0.456177176483916,0.710293356636477,1,2
#7CAE00,#7CAE00,0.441292623059783,0.528620856673819,1,2
#7CAE00,#7CAE00,0.385387495476443,0.624353233810311,1,2
#7CAE00,#7CAE00,0.405310213894009,0.639229660575437,1,2
#7CAE00,#7CAE00,0.288409356734678,0.530115229845096,1,2
#7CAE00,#7CAE00,0.477600590697923,0.512360199999015,1,2
#7CAE00,#7CAE00,0.48073584707259,0.582053720252345,1,2
#7CAE00,#7CAE00,0.298447545386506,0.635082698977886,1,2
#7CAE00,#7CAE00,0.201619944672388,0.725387500136627,1,2
#7CAE00,#7CAE00,0.10801006137927,0.646771172439546,1,2
#7CAE00,#7CAE00,0.331674510816325,0.53348904336041,1,2
#7CAE00,#7CAE00,0.478211808904398,0.658809369211162,1,2
#7CAE00,#7CAE00,0.294541351411984,0.571937700899682,1,2
#7CAE00,#7CAE00,0.439040757412344,0.614420835969472,1,2
#7CAE00,#7CAE00,0.236790056517681,0.616315426259034,1,2
#7CAE00,#7CAE00,0.300644983553139,0.586887288105829,1,2
#7CAE00,#7CAE00,0.452880159238337,0.636041616597966,1,2
#7CAE00,#7CAE00,0.447231716622904,0.550368948447902,1,2
#7CAE00,#7CAE00,0.272641476514568,0.562563336194416,1,2
#7CAE00,#7CAE00,0.45563203898135,0.530826953826717,1,2
#7CAE00,#7CAE00,0.28391558869585,0.521843953578331,1,2
#7CAE00,#7CAE00,0.408029419284175,0.680800839360769,1,2
#7CAE00,#7CAE00,0.397825276212153,0.595096046462888,1,2
#7CAE00,#7CAE00,0.440077028970396,0.900413871178256,1,2
#7CAE00,#7CAE00,0.493204127782598,0.531491862911728,1,2
#7CAE00,#7CAE00,0.303359847080743,0.607649825085006,1,2
#7CAE00,#7CAE00,0.487418297101846,0.556518929755504,1,2
#7CAE00,#7CAE00,0.351719659954416,0.51032628497265,1,2
#7CAE00,#7CAE00,0.386709598144407,0.670320390661392,1,2
#7CAE00,#7CAE00,0.495346091664528,0.655987564563159,1,2
#7CAE00,#7CAE00,0.409130151583123,0.615686730597046,1,2
#7CAE00,#7CAE00,0.407349939278566,0.618576267782785,1,2
#7CAE00,#7CAE00,0.48188801459626,0.58551852187669,1,2
#7CAE00,#7CAE00,0.342532815312717,0.53391655742944,1,2
#7CAE00,#7CAE00,0.472479982684061,0.533368172256352,1,2
#7CAE00,#7CAE00,0.318978661142495,0.668629822340044,1,2
#7CAE00,#7CAE00,0.479439038354371,0.788102907426542,1,2
#7CAE00,#7CAE00,0.265876017490839,0.687231852861977,1,2
#7CAE00,#7CAE00,0.426486604070162,0.788547176724877,1,2
#7CAE00,#7CAE00,0.465922020127065,0.511417403102194,1,2
#7CAE00,#7CAE00,0.348230985460762,0.520858205877094,1,2
#7CAE00,#7CAE00,0.303743536299568,0.650000818502727,1,2
#7CAE00,#7CAE00,0.23501089492521,0.728947238672755,1,2
#7CAE00,#7CAE00,0.314812838367623,0.652973549624955,1,2
#7CAE00,#7CAE00,0.452681191923447,0.510913965342609,1,2
#7CAE00,#7CAE00,0.263721833126283,0.512727210171981,1,2
#7CAE00,#7CAE00,0.425162164599522,0.606912281810828,1,2
#7CAE00,#7CAE00,0.464159616982382,0.635700828820873,1,2
#7CAE00,#7CAE00,0.279545726165523,0.614578454162844,1,2
#7CAE00,#7CAE00,0.396780954569079,0.65679568615748,1,2
#7CAE00,#7CAE00,0.482494483922677,0.670707453246829,1,2
#7CAE00,#7CAE00,0.360658577399184,0.517410643499211,1,2
#7CAE00,#7CAE00,0.469166877830144,0.833512296286477,1,2
#7CAE00,#7CAE00,0.379194285819057,0.670554367676967,1,2
#7CAE00,#7CAE00,0.0888559520614644,0.520190224090929,1,2
#7CAE00,#7CAE00,0.234426565338637,0.625127285847976,1,2
#7CAE00,#7CAE00,0.458565592770236,0.642355540364236,1,2
#7CAE00,#7CAE00,0.399068232949089,0.876786074536649,1,2
#7CAE00,#7CAE00,0.477043894546917,0.644375466018274,1,2
#7CAE00,#7CAE00,0.437498191898926,0.58119156237991,1,2
#7CAE00,#7CAE00,0.404488190085039,0.604551875970311,1,2
#7CAE00,#7CAE00,0.126609983171475,0.754944603870627,1,2
#7CAE00,#7CAE00,0.359056739847443,0.606880060045632,1,2
#7CAE00,#7CAE00,0.428966400732104,0.600543067097731,1,2
#7CAE00,#7CAE00,0.260609900050756,0.57457406772869,1,2
#7CAE00,#7CAE00,0.464631123076356,0.623165114882289,1,2
#7CAE00,#7CAE00,0.475045520132553,0.561147344853973,1,2
#7CAE00,#7CAE00,0.305468540090717,0.590163523440936,1,2
#7CAE00,#7CAE00,0.404428326242711,0.676579927110552,1,2
#7CAE00,#7CAE00,0.195518679654427,0.702652276680239,1,2
#7CAE00,#7CAE00,0.41521805743848,0.852445163288317,1,2
#7CAE00,#7CAE00,0.338918786357843,0.703614682665175,1,2
#7CAE00,#7CAE00,0.360686760196441,0.659398479906873,1,2
#7CAE00,#7CAE00,0.490357034658331,0.553800554840857,1,2
#7CAE00,#7CAE00,0.428659560370445,0.599970797376015,1,2
#7CAE00,#7CAE00,0.351837533915434,0.5393989931852,1,2
#7CAE00,#7CAE00,0.414405213793154,0.61931085906795,1,2
#7CAE00,#7CAE00,0.33090676668446,0.506247426181508,1,2
#7CAE00,#7CAE00,0.383754062098472,0.784386869424052,1,2
#7CAE00,#7CAE00,0.444347282635313,0.695105299859664,1,2
#7CAE00,#7CAE00,0.258302737600667,0.863554357418942,1,2
#7CAE00,#7CAE00,0.448718595279161,0.536693789293021,1,2
#7CAE00,#7CAE00,0.497965135345815,0.5196097526721,1,2
#7CAE00,#7CAE00,0.245135179461696,0.543471890538385,1,2
#7CAE00,#7CAE00,0.366658855827597,0.566822796206734,1,2
#7CAE00,#7CAE00,0.44144505121003,0.572733374782469,1,2
#7CAE00,#7CAE00,0.404126480340589,0.577058674801281,1,2
#7CAE00,#7CAE00,0.446749537121949,0.790172681573158,1,2
#7CAE00,#7CAE00,0.30323464162284,0.60613960379671,1,2
#7CAE00,#7CAE00,0.364748920684846,0.517992763907431,1,2
#7CAE00,#7CAE00,0.499036043753802,0.551722968733931,1,2
#7CAE00,#7CAE00,0.304563945765998,0.531998635570382,1,2
#7CAE00,#7CAE00,0.389010019277701,0.724366797335848,1,2
#7CAE00,#7CAE00,0.362190900549499,0.693764091967621,1,2
#7CAE00,#7CAE00,0.437533753793452,0.562972455217324,1,2
#7CAE00,#7CAE00,0.232560335470187,0.547851159597,1,2
#7CAE00,#7CAE00,0.340423753598509,0.688602237853686,1,2
#7CAE00,#7CAE00,0.308605585399552,0.639134659389618,1,2
#7CAE00,#7CAE00,0.323256497591517,0.626442920403351,1,2
#7CAE00,#7CAE00,0.4408704083292,0.689933896742435,1,2
#7CAE00,#7CAE00,0.311620724189338,0.554769959158653,1,2
#7CAE00,#7CAE00,0.27185787234876,0.606843299038569,1,2
#7CAE00,#7CAE00,0.407654359356483,0.574363979859569,1,2
#7CAE00,#7CAE00,0.49387567566123,0.583768957142861,1,2
#7CAE00,#7CAE00,0.400145075077207,0.8447736123351,1,2
#7CAE00,#7CAE00,0.405419433668407,0.707630407613774,1,2
#7CAE00,#7CAE00,0.431427444421982,0.558545691359767,1,2
#7CAE00,#7CAE00,0.455992592128634,0.614479859396191,1,2
#7CAE00,#7CAE00,0.453229391007101,0.543802898815134,1,2
#7CAE00,#7CAE00,0.483901724388968,0.548567386062905,1,2
#7CAE00,#7CAE00,0.36817784177877,0.634394846164101,1,2
#7CAE00,#7CAE00,0.483324499784969,0.785709194514221,1,2
#7CAE00,#7CAE00,0.457906451236548,0.643073623372574,1,2
#7CAE00,#7CAE00,0.331074958138399,0.522916364210352,1,2
#7CAE00,#7CAE00,0.493492836090587,0.768487023218539,1,2
#7CAE00,#7CAE00,0.325351981895119,0.609059498296464,1,2
#7CAE00,#7CAE00,0.453658992679765,0.600388612850349,1,2
#7CAE00,#7CAE00,0.0653736991487347,0.551886045888976,1,2
#7CAE00,#7CAE00,0.361961007197868,0.571488331734073,1,2
#7CAE00,#7CAE00,0.493507462492662,0.549686789429658,1,2
#7CAE00,#7CAE00,0.392711273737686,0.646763334617921,1,2
#7CAE00,#7CAE00,0.311988812198247,0.664629857253622,1,2
#7CAE00,#7CAE00,0.332231890741639,0.607635845109209,1,2
#7CAE00,#7CAE00,0.452308073294003,0.652066140406604,1,2
#7CAE00,#7CAE00,0.463813291764079,0.555401327411298,1,2
#7CAE00,#7CAE00,0.406098899366134,0.611579218408046,1,2
#7CAE00,#7CAE00,0.267775147634326,0.719592712142035,1,2
#7CAE00,#7CAE00,0.456451208893016,0.589540733923799,1,2
#7CAE00,#7CAE00,0.327605160431505,0.664268123720111,1,2
#7CAE00,#7CAE00,0.476765042153254,0.696393388903479,1,2
#7CAE00,#7CAE00,0.275857472623165,0.685939043369798,1,2
#7CAE00,#7CAE00,0.38837415347654,0.645077976758519,1,2
#7CAE00,#7CAE00,0.370448263226054,0.538307574228468,1,2
#7CAE00,#7CAE00,0.302959920216538,0.510089090196964,1,2
#7CAE00,#7CAE00,0.141437991827501,0.540567084406453,1,2
#7CAE00,#7CAE00,0.249430338272169,0.509614885326692,1,2
#7CAE00,#7CAE00,0.380295396071134,0.613328826046972,1,2
#7CAE00,#7CAE00,0.466390419451102,0.685332122069814,1,2
#7CAE00,#7CAE00,0.353372262688203,0.673513802315669,1,2
#00BFC4,#00BFC4,0.416909153949467,0.397896135238245,1,3
#00BFC4,#00BFC4,0.444900579457951,0.435707121663935,1,3
#00BFC4,#00BFC4,0.38099546215669,0.443930748245931,1,3
#00BFC4,#00BFC4,0.268048410534995,0.320493213386657,1,3
#00BFC4,#00BFC4,0.43447709331138,0.340792445243181,1,3
#00BFC4,#00BFC4,0.497047754920094,0.239897932624679,1,3
#00BFC4,#00BFC4,0.267924750660452,0.236405634583259,1,3
#00BFC4,#00BFC4,0.495663495443906,0.403520060857808,1,3
#00BFC4,#00BFC4,0.416903800183941,0.458977447747795,1,3
#00BFC4,#00BFC4,0.429249474553077,0.462019185962505,1,3
#00BFC4,#00BFC4,0.439627971977596,0.402396222242387,1,3
#00BFC4,#00BFC4,0.417966585295505,0.3377080603016,1,3
#00BFC4,#00BFC4,0.372737601252867,0.500930030071353,1,3
#00BFC4,#00BFC4,0.455089543670069,0.456133645860509,1,3
#00BFC4,#00BFC4,0.254213378972427,0.411813832726802,1,3
#00BFC4,#00BFC4,0.435919595368296,0.1721629084306,1,3
#00BFC4,#00BFC4,0.464008936723995,0.400681538053047,1,3
#00BFC4,#00BFC4,0.29411292656981,0.479051186025976,1,3
#00BFC4,#00BFC4,0.238757915920119,0.427156826990879,1,3
#00BFC4,#00BFC4,0.447731541753616,0.241880043982768,1,3
#00BFC4,#00BFC4,0.360366147214439,0.376924813984361,1,3
#00BFC4,#00BFC4,0.326570008293531,0.291108286351808,1,3
#00BFC4,#00BFC4,0.397531277892416,0.443460977802896,1,3
#00BFC4,#00BFC4,0.444809151921043,0.267197476193678,1,3
#00BFC4,#00BFC4,0.367453121990344,0.306775745961663,1,3
#00BFC4,#00BFC4,0.357458046805888,0.497779939764316,1,3
#00BFC4,#00BFC4,0.372192358968108,0.461501142620641,1,3
#00BFC4,#00BFC4,0.414120861240568,0.166510658433729,1,3
#00BFC4,#00BFC4,0.453808586232908,0.419387316037832,1,3
#00BFC4,#00BFC4,0.135508008010029,0.377983439770893,1,3
#00BFC4,#00BFC4,0.413361556237066,0.160332857253138,1,3
#00BFC4,#00BFC4,0.310143699135757,0.223150930137491,1,3
#00BFC4,#00BFC4,0.49624871829619,0.50150641899116,1,3
#00BFC4,#00BFC4,0.472579491593389,0.381478030822703,1,3
#00BFC4,#00BFC4,0.383982400465078,0.403747518822242,1,3
#00BFC4,#00BFC4,0.399284015573911,0.201658461403403,1,3
#00BFC4,#00BFC4,0.421313191068988,0.303292650031434,1,3
#00BFC4,#00BFC4,0.417449276832473,0.471396670307321,1,3
#00BFC4,#00BFC4,0.0930352142419397,0.280728882080845,1,3
#00BFC4,#00BFC4,0.462704884077594,0.242427644023089,1,3
#00BFC4,#00BFC4,0.334077949039911,0.347090854852096,1,3
#00BFC4,#00BFC4,0.341784434858678,0.291416332441457,1,3
#00BFC4,#00BFC4,0.336937770070039,0.301262218100759,1,3
#00BFC4,#00BFC4,0.453482090490739,0.477068406308844,1,3
#00BFC4,#00BFC4,0.475904326212634,0.396554503206077,1,3
#00BFC4,#00BFC4,0.475708068945736,0.439899272854299,1,3
#00BFC4,#00BFC4,0.185548840598962,0.445619773333588,1,3
#00BFC4,#00BFC4,0.385124398414254,0.458733045028991,1,3
#00BFC4,#00BFC4,0.456692849276812,0.366454300310334,1,3
#00BFC4,#00BFC4,0.470131491271803,0.504523949027311,1,3
#00BFC4,#00BFC4,0.458718712778195,0.348550383425649,1,3
#00BFC4,#00BFC4,0.484636239827532,0.311402778334047,1,3
#00BFC4,#00BFC4,0.491435922138495,0.362459394859568,1,3
#00BFC4,#00BFC4,0.38297466673333,0.16370912140133,1,3
#00BFC4,#00BFC4,0.463552720636311,0.392758011617859,1,3
#00BFC4,#00BFC4,0.367933154923528,0.26133007583993,1,3
#00BFC4,#00BFC4,0.483552623059915,0.347592948869002,1,3
#00BFC4,#00BFC4,0.42694960798061,0.285227023396844,1,3
#00BFC4,#00BFC4,0.404377405006286,0.446494123585057,1,3
#00BFC4,#00BFC4,0.287865644461069,0.325547293875315,1,3
#00BFC4,#00BFC4,0.495033197475287,0.495523152346926,1,3
#00BFC4,#00BFC4,0.353106195119161,0.329555183244683,1,3
#00BFC4,#00BFC4,0.365913655402455,0.330952177335718,1,3
#00BFC4,#00BFC4,0.156007268362936,0.483038819126499,1,3
#00BFC4,#00BFC4,0.312751949429042,0.411183284903653,1,3
#00BFC4,#00BFC4,0.15586353269828,0.274409357088072,1,3
#00BFC4,#00BFC4,0.331798059072825,0.237648085318765,1,3
#00BFC4,#00BFC4,0.446994566773866,0.439434279098314,1,3
#00BFC4,#00BFC4,0.361096409133429,0.434638059015391,1,3
#00BFC4,#00BFC4,0.453886111388579,0.38781725405553,1,3
#00BFC4,#00BFC4,0.381424173853081,0.258313276985362,1,3
#00BFC4,#00BFC4,0.370849695607595,0.46199363038255,1,3
#00BFC4,#00BFC4,0.317237092916412,0.446478657723085,1,3
#00BFC4,#00BFC4,0.271421846429739,0.344060513072787,1,3
#00BFC4,#00BFC4,0.427786048305053,0.318725745978859,1,3
#00BFC4,#00BFC4,0.331650982134587,0.400154939901173,1,3
#00BFC4,#00BFC4,0.112987580282628,0.451917337380454,1,3
#00BFC4,#00BFC4,0.357384582695057,0.429772515557744,1,3
#00BFC4,#00BFC4,0.410470618106185,0.385858023585679,1,3
#00BFC4,#00BFC4,0.400849761662169,0.327398343548945,1,3
#00BFC4,#00BFC4,0.347551668993387,0.38142415993715,1,3
#00BFC4,#00BFC4,0.427612041735406,0.473766807302703,1,3
#00BFC4,#00BFC4,0.315744826882114,0.453814800926164,1,3
#00BFC4,#00BFC4,0.229904344539802,0.43740292585089,1,3
#00BFC4,#00BFC4,0.326309931090862,0.303170188191689,1,3
#00BFC4,#00BFC4,0.398419693496716,0.318183377751328,1,3
#00BFC4,#00BFC4,0.468454645172995,0.449185160393163,1,3
#00BFC4,#00BFC4,0.212018414646123,0.331009125642355,1,3
#00BFC4,#00BFC4,0.265425852000951,0.374314397443273,1,3
#00BFC4,#00BFC4,0.325359800520719,0.1192933351154,1,3
#00BFC4,#00BFC4,0.355958077883139,0.188131631976737,1,3
#00BFC4,#00BFC4,0.482066285201887,0.387636695025309,1,3
#00BFC4,#00BFC4,0.256712810495981,0.437991248211258,1,3
#00BFC4,#00BFC4,0.420173467197045,0.497662551507838,1,3
#00BFC4,#00BFC4,0.391507235886778,0.466268755605765,1,3
#00BFC4,#00BFC4,0.346895223457482,0.30971042014818,1,3
#00BFC4,#00BFC4,0.310247639388422,0.439669010808536,1,3
#00BFC4,#00BFC4,0.485824384484694,0.396207422065558,1,3
#00BFC4,#00BFC4,0.436129154389267,0.425922277027279,1,3
#00BFC4,#00BFC4,0.415915323973118,0.332300718027014,1,3
#00BFC4,#00BFC4,0.3329783063009,0.424837087312573,1,3
#00BFC4,#00BFC4,0.0835574773566786,0.320557536055537,1,3
#00BFC4,#00BFC4,0.422095068146206,0.425325261482609,1,3
#00BFC4,#00BFC4,0.388787860544647,0.180004520227764,1,3
#00BFC4,#00BFC4,0.386143784625867,0.472876319149842,1,3
#00BFC4,#00BFC4,0.41046045915295,0.415481895037421,1,3
#00BFC4,#00BFC4,0.482133954620229,0.492857972026985,1,3
#00BFC4,#00BFC4,0.205849607245827,0.38120440595901,1,3
#00BFC4,#00BFC4,0.135967898918884,0.400177224665483,1,3
#00BFC4,#00BFC4,0.347065302394063,0.317482691576859,1,3
#00BFC4,#00BFC4,0.410987891334759,0.356014115456247,1,3
#00BFC4,#00BFC4,0.467571012076978,0.263766577674344,1,3
#00BFC4,#00BFC4,0.286442232984892,0.378552325262708,1,3
#00BFC4,#00BFC4,0.480669345895963,0.470947296353496,1,3
#00BFC4,#00BFC4,0.424295408700232,0.486334471778627,1,3
#00BFC4,#00BFC4,0.487110666889092,0.452315049785208,1,3
#00BFC4,#00BFC4,0.472556348171005,0.170932495143197,1,3
#00BFC4,#00BFC4,0.0454545454545455,0.459577881577291,1,3
#00BFC4,#00BFC4,0.445060987884197,0.188694750688189,1,3
#00BFC4,#00BFC4,0.438913849583744,0.428868030103679,1,3
#00BFC4,#00BFC4,0.422105662344321,0.350004411731616,1,3
#00BFC4,#00BFC4,0.372787956929984,0.389395984097555,1,3
#00BFC4,#00BFC4,0.375897214620393,0.391699970388173,1,3
#00BFC4,#00BFC4,0.47380458335786,0.260968482861103,1,3
#00BFC4,#00BFC4,0.385795345385074,0.424990558086055,1,3
#00BFC4,#00BFC4,0.376577587548,0.117016113699355,1,3
#00BFC4,#00BFC4,0.413771941868525,0.4771215011005,1,3
#00BFC4,#00BFC4,0.447304489258638,0.361148415392162,1,3
#00BFC4,#00BFC4,0.410758380219153,0.299306215479515,1,3
#00BFC4,#00BFC4,0.320877303424233,0.428950560985878,1,3
#00BFC4,#00BFC4,0.279424683017654,0.435017670318175,1,3
#00BFC4,#00BFC4,0.463242557206421,0.316163142825906,1,3
#00BFC4,#00BFC4,0.265122439906479,0.496756259430339,1,3
#00BFC4,#00BFC4,0.329945613806754,0.158651918244708,1,3
#00BFC4,#00BFC4,0.334826067393478,0.411690551137807,1,3
#00BFC4,#00BFC4,0.419950182808923,0.505049674087175,1,3
#00BFC4,#00BFC4,0.478398941389804,0.338743395742836,1,3
#00BFC4,#00BFC4,0.443074803102698,0.298984380400748,1,3
#00BFC4,#00BFC4,0.339642395892092,0.418680751998047,1,3
#00BFC4,#00BFC4,0.383938885482011,0.185759245738262,1,3
#00BFC4,#00BFC4,0.0899286227545852,0.429429870687878,1,3
#00BFC4,#00BFC4,0.419901028460015,0.436523054201142,1,3
#00BFC4,#00BFC4,0.480744464558078,0.401723686145296,1,3
#00BFC4,#00BFC4,0.294019855116761,0.433582882257599,1,3
#00BFC4,#00BFC4,0.263559858134235,0.239909575055595,1,3
#00BFC4,#00BFC4,0.344360098773901,0.44213363340519,1,3
#00BFC4,#00BFC4,0.474746195759629,0.410154079646456,1,3
#00BFC4,#00BFC4,0.455200941492389,0.338950331293161,1,3
#00BFC4,#00BFC4,0.296061794240594,0.439672862343193,1,3
#00BFC4,#00BFC4,0.307196759992492,0.416901872998731,1,3
#00BFC4,#00BFC4,0.311082359230778,0.450161303166331,1,3
#00BFC4,#00BFC4,0.248303523823968,0.370633884258861,1,3
#00BFC4,#00BFC4,0.404879551149837,0.406470034130884,1,3
#00BFC4,#00BFC4,0.300647494804092,0.460498873273062,1,3
#00BFC4,#00BFC4,0.176230334731548,0.442310836035301,1,3
#00BFC4,#00BFC4,0.436825411535083,0.410744174491963,1,3
#00BFC4,#00BFC4,0.38884477540938,0.366452680877258,1,3
#00BFC4,#00BFC4,0.354318600432777,0.505120897797009,1,3
#00BFC4,#00BFC4,0.485904235990621,0.484608725079662,1,3
#00BFC4,#00BFC4,0.479923054638729,0.26777297773284,1,3
#00BFC4,#00BFC4,0.294462444826077,0.065011825095745,1,3
#00BFC4,#00BFC4,0.381014645578763,0.251476662784655,1,3
#00BFC4,#00BFC4,0.429095532333774,0.485627451786788,1,3
#00BFC4,#00BFC4,0.40207318579962,0.350582079634006,1,3
#00BFC4,#00BFC4,0.271647636368809,0.503898703317024,1,3
#00BFC4,#00BFC4,0.263262611913313,0.113630946978024,1,3
#00BFC4,#00BFC4,0.46653768686598,0.338969341863369,1,3
#00BFC4,#00BFC4,0.236892144944414,0.461950574956514,1,3
#00BFC4,#00BFC4,0.262499235827089,0.466417433570798,1,3
#00BFC4,#00BFC4,0.302402657284716,0.394647258855664,1,3
#00BFC4,#00BFC4,0.278876594710346,0.425272450659905,1,3
#00BFC4,#00BFC4,0.448468737555306,0.259810084541866,1,3
#00BFC4,#00BFC4,0.314569437482966,0.422906975173553,1,3
#00BFC4,#00BFC4,0.316296480742844,0.487186648824613,1,3
#00BFC4,#00BFC4,0.178027385799666,0.505351153026672,1,3
#00BFC4,#00BFC4,0.350731705134246,0.425444702613771,1,3
#00BFC4,#00BFC4,0.38692068335405,0.344506424192025,1,3
#00BFC4,#00BFC4,0.445653404182756,0.362570117091974,1,3
#00BFC4,#00BFC4,0.446161878686033,0.451500774839367,1,3
#00BFC4,#00BFC4,0.483026845141082,0.315230709279613,1,3
#00BFC4,#00BFC4,0.37358835325817,0.490060862403934,1,3
#00BFC4,#00BFC4,0.418272430863676,0.496810261530145,1,3
#00BFC4,#00BFC4,0.471599125933471,0.431930367467677,1,3
#00BFC4,#00BFC4,0.215951071987465,0.333380666109021,1,3
#00BFC4,#00BFC4,0.446336005515907,0.387249328581968,1,3
#00BFC4,#00BFC4,0.472437037472117,0.298561085279827,1,3
#00BFC4,#00BFC4,0.409720400493014,0.485689306628273,1,3
#00BFC4,#00BFC4,0.353299552620768,0.355044786050993,1,3
#00BFC4,#00BFC4,0.452797780158409,0.440985528719801,1,3
#00BFC4,#00BFC4,0.477754784149006,0.464217085153113,1,3
#00BFC4,#00BFC4,0.372833740322092,0.116335932579285,1,3
#00BFC4,#00BFC4,0.431046703302358,0.118742767795078,1,3
#00BFC4,#00BFC4,0.299739327012981,0.333974062420692,1,3
#00BFC4,#00BFC4,0.251087659938992,0.476528830808113,1,3
#00BFC4,#00BFC4,0.406421353848462,0.405986756652934,1,3
#00BFC4,#00BFC4,0.201822860724712,0.183160667239123,1,3
#00BFC4,#00BFC4,0.498791156647514,0.305034910052404,1,3
#00BFC4,#00BFC4,0.415316796733969,0.478813740373444,1,3
#00BFC4,#00BFC4,0.387266910685093,0.323323446554647,1,3
#00BFC4,#00BFC4,0.328434637410235,0.129832363679036,1,3
#00BFC4,#00BFC4,0.438224650007243,0.284450692464378,1,3
#00BFC4,#00BFC4,0.442826144006296,0.460950582834255,1,3
#00BFC4,#00BFC4,0.109896070165426,0.302622976180095,1,3
#00BFC4,#00BFC4,0.487262225495962,0.482174094060738,1,3
#00BFC4,#00BFC4,0.435455108638598,0.378335667672976,1,3
#00BFC4,#00BFC4,0.449870550123116,0.505457000368217,1,3
#00BFC4,#00BFC4,0.366321969838562,0.433411441129169,1,3
#00BFC4,#00BFC4,0.4558845727927,0.272770942534754,1,3
#00BFC4,#00BFC4,0.348182835289393,0.147357747590205,1,3
#00BFC4,#00BFC4,0.480473261478941,0.50467069167673,1,3
#00BFC4,#00BFC4,0.390517131612586,0.451182403889786,1,3
#00BFC4,#00BFC4,0.467895802441825,0.466510045167667,1,3
#00BFC4,#00BFC4,0.476192313079851,0.482339230141601,1,3
#00BFC4,#00BFC4,0.370816588218491,0.438238611990948,1,3
#00BFC4,#00BFC4,0.398600419933385,0.376654620814699,1,3
#00BFC4,#00BFC4,0.37391678453105,0.277497768984103,1,3
#00BFC4,#00BFC4,0.494189265769374,0.31021778253998,1,3
#00BFC4,#00BFC4,0.172491419980451,0.468947181960417,1,3
#00BFC4,#00BFC4,0.223870466937029,0.496864169163608,1,3
#00BFC4,#00BFC4,0.467035266891977,0.486646928848645,1,3
#00BFC4,#00BFC4,0.48430806360333,0.374473198152815,1,3
#00BFC4,#00BFC4,0.298453051171817,0.325342348546057,1,3
#00BFC4,#00BFC4,0.338051202973753,0.399152870869592,1,3
#00BFC4,#00BFC4,0.270889637191764,0.464321371481844,1,3
#00BFC4,#00BFC4,0.47503103350891,0.40570018864584,1,3
#00BFC4,#00BFC4,0.417439484369174,0.263459725619671,1,3
#00BFC4,#00BFC4,0.273698693553126,0.276219896418674,1,3
#00BFC4,#00BFC4,0.496255358182664,0.47196644777135,1,3
#00BFC4,#00BFC4,0.419435635498453,0.321704417517762,1,3
#00BFC4,#00BFC4,0.40664635519533,0.333418468588558,1,3
#00BFC4,#00BFC4,0.405110814245173,0.160055904068193,1,3
#00BFC4,#00BFC4,0.282420145882751,0.287684716140554,1,3
#00BFC4,#00BFC4,0.431165219653619,0.399606731885515,1,3
#00BFC4,#00BFC4,0.468704970108255,0.45435062733649,1,3
#00BFC4,#00BFC4,0.484175520515303,0.403224381021483,1,3
#00BFC4,#00BFC4,0.47047414506865,0.49794115762228,1,3
#00BFC4,#00BFC4,0.466523512477068,0.364627877796123,1,3
#00BFC4,#00BFC4,0.368299382850268,0.469649623751742,1,3
#00BFC4,#00BFC4,0.406266829240085,0.396573644392527,1,3
#00BFC4,#00BFC4,0.162181772549878,0.387396302527716,1,3
#00BFC4,#00BFC4,0.399192438183687,0.212855405464083,1,3
#00BFC4,#00BFC4,0.493053760669235,0.324357313150391,1,3
#C77CFF,#C77CFF,0.551222375493902,0.321803301830555,1,4
#C77CFF,#C77CFF,0.514450670235486,0.41258902623191,1,4
#C77CFF,#C77CFF,0.67635434125576,0.465294077088277,1,4
#C77CFF,#C77CFF,0.515750257085581,0.353598331826961,1,4
#C77CFF,#C77CFF,0.749265825920995,0.423878080573286,1,4
#C77CFF,#C77CFF,0.56194265602206,0.389312357791068,1,4
#C77CFF,#C77CFF,0.609524888699034,0.370571675200442,1,4
#C77CFF,#C77CFF,0.578962694173661,0.237780163640645,1,4
#C77CFF,#C77CFF,0.509247621041097,0.271570674686775,1,4
#C77CFF,#C77CFF,0.581169603337142,0.226994354385217,1,4
#C77CFF,#C77CFF,0.614616734667637,0.372203456623377,1,4
#C77CFF,#C77CFF,0.561291323515492,0.474106129007257,1,4
#C77CFF,#C77CFF,0.648741799018482,0.0766761443607221,1,4
#C77CFF,#C77CFF,0.515584174326583,0.255229305099306,1,4
#C77CFF,#C77CFF,0.596829419229908,0.31561313909143,1,4
#C77CFF,#C77CFF,0.663804550515311,0.277577570328251,1,4
#C77CFF,#C77CFF,0.681125595650185,0.398345894182149,1,4
#C77CFF,#C77CFF,0.53108517932926,0.48278819752879,1,4
#C77CFF,#C77CFF,0.740242599120868,0.499593204933213,1,4
#C77CFF,#C77CFF,0.516694470406123,0.252899319142002,1,4
#C77CFF,#C77CFF,0.542496300810124,0.458774956121858,1,4
#C77CFF,#C77CFF,0.642450959987887,0.504061601457104,1,4
#C77CFF,#C77CFF,0.628417782989924,0.370334546256854,1,4
#C77CFF,#C77CFF,0.647810544089066,0.357662070834263,1,4
#C77CFF,#C77CFF,0.594335566850552,0.500401596106615,1,4
#C77CFF,#C77CFF,0.523327761079414,0.366481928091086,1,4
#C77CFF,#C77CFF,0.520588718107588,0.372579058855683,1,4
#C77CFF,#C77CFF,0.590472671464164,0.390063533361297,1,4
#C77CFF,#C77CFF,0.537518853004683,0.43966743494146,1,4
#C77CFF,#C77CFF,0.507579554640759,0.500947017283323,1,4
#C77CFF,#C77CFF,0.580210738022026,0.055140878982939,1,4
#C77CFF,#C77CFF,0.53601600439264,0.421642419956382,1,4
#C77CFF,#C77CFF,0.502952534416461,0.411171076379153,1,4
#C77CFF,#C77CFF,0.650720116952282,0.446851496872005,1,4
#C77CFF,#C77CFF,0.707582337451347,0.354076546271912,1,4
#C77CFF,#C77CFF,0.645091253983661,0.308059302589923,1,4
#C77CFF,#C77CFF,0.606457813041625,0.442684963508735,1,4
#C77CFF,#C77CFF,0.600435401238175,0.346530784446671,1,4
#C77CFF,#C77CFF,0.72918079404673,0.264530627115917,1,4
#C77CFF,#C77CFF,0.644189694075457,0.319287164268683,1,4
#C77CFF,#C77CFF,0.547528841798893,0.499327084602519,1,4
#C77CFF,#C77CFF,0.710539192438045,0.375588683421865,1,4
#C77CFF,#C77CFF,0.663612568794376,0.485751768432153,1,4
#C77CFF,#C77CFF,0.501177943811798,0.495578901394453,1,4
#C77CFF,#C77CFF,0.575542369577022,0.451386998090764,1,4
#C77CFF,#C77CFF,0.824621323692679,0.241125310858751,1,4
#C77CFF,#C77CFF,0.553624946216362,0.393955562047914,1,4
#C77CFF,#C77CFF,0.619889407779325,0.163075745664403,1,4
#C77CFF,#C77CFF,0.705913778843384,0.436797113598336,1,4
#C77CFF,#C77CFF,0.59654990718573,0.201295543743324,1,4
#C77CFF,#C77CFF,0.555915561357503,0.414489977398119,1,4
#C77CFF,#C77CFF,0.538038648397961,0.477041521719008,1,4
#C77CFF,#C77CFF,0.525647246542074,0.407401349786281,1,4
#C77CFF,#C77CFF,0.564945978616507,0.426160870751809,1,4
#C77CFF,#C77CFF,0.524570662863376,0.467233939520731,1,4
#C77CFF,#C77CFF,0.526827318712864,0.499065419259226,1,4
#C77CFF,#C77CFF,0.567182757031254,0.343422484766316,1,4
#C77CFF,#C77CFF,0.703427139696828,0.481150271095087,1,4
#C77CFF,#C77CFF,0.617889283290971,0.213108470641322,1,4
#C77CFF,#C77CFF,0.506232879638089,0.41963389379664,1,4
#C77CFF,#C77CFF,0.7295792225734,0.492919976311464,1,4
#C77CFF,#C77CFF,0.545673274794152,0.408680599008986,1,4
#C77CFF,#C77CFF,0.629743977988207,0.490946985493971,1,4
#C77CFF,#C77CFF,0.813642271972467,0.483809281656093,1,4
#C77CFF,#C77CFF,0.63182844381047,0.471031145209565,1,4
#C77CFF,#C77CFF,0.732528812222441,0.499646344307426,1,4
#C77CFF,#C77CFF,0.621946584105334,0.45642622309669,1,4
#C77CFF,#C77CFF,0.616782197498604,0.498157946791034,1,4
#C77CFF,#C77CFF,0.567208278343692,0.424272988139762,1,4
#C77CFF,#C77CFF,0.659763599097483,0.354770427219158,1,4
#C77CFF,#C77CFF,0.536094260452439,0.34100493542029,1,4
#C77CFF,#C77CFF,0.515600804844615,0.462327498353611,1,4
#C77CFF,#C77CFF,0.650384948441669,0.4041450491176,1,4
#C77CFF,#C77CFF,0.80556383471374,0.341467775640652,1,4
#C77CFF,#C77CFF,0.639637879366496,0.46080428130057,1,4
#C77CFF,#C77CFF,0.617797938362127,0.0454545454545455,1,4
#C77CFF,#C77CFF,0.691781066939706,0.347694499235909,1,4
#C77CFF,#C77CFF,0.649021738289924,0.438408319343212,1,4
#C77CFF,#C77CFF,0.572675066713628,0.321064318277201,1,4
#C77CFF,#C77CFF,0.734281716047107,0.401234319222719,1,4
#C77CFF,#C77CFF,0.734060527769804,0.45907689898666,1,4
#C77CFF,#C77CFF,0.676025466698866,0.408471984044727,1,4
#C77CFF,#C77CFF,0.761121998909935,0.330425626697752,1,4
#C77CFF,#C77CFF,0.520013446742781,0.374828032849978,1,4
#C77CFF,#C77CFF,0.724824663496898,0.493895664292406,1,4
#C77CFF,#C77CFF,0.643391431218116,0.498131472546598,1,4
#C77CFF,#C77CFF,0.59552323499956,0.315194843460421,1,4
#C77CFF,#C77CFF,0.59414609128903,0.43464121202732,1,4
#C77CFF,#C77CFF,0.589192667936908,0.333186641747029,1,4
#C77CFF,#C77CFF,0.608083681558053,0.239399670768127,1,4
#C77CFF,#C77CFF,0.597751182639328,0.445600106950473,1,4
#C77CFF,#C77CFF,0.599200107295322,0.468257684114484,1,4
#C77CFF,#C77CFF,0.508589030736267,0.442691684609653,1,4
#C77CFF,#C77CFF,0.505135243772042,0.471933039484182,1,4
#C77CFF,#C77CFF,0.577619408931237,0.465130726588817,1,4
#C77CFF,#C77CFF,0.532961797432693,0.400135784145459,1,4
#C77CFF,#C77CFF,0.571013520572372,0.418833254831643,1,4
#C77CFF,#C77CFF,0.750428246974313,0.427928679750491,1,4
#C77CFF,#C77CFF,0.569939782588389,0.347993267330953,1,4
#C77CFF,#C77CFF,0.607386495715496,0.478047954432655,1,4
#C77CFF,#C77CFF,0.662973847888341,0.388154781893738,1,4
#C77CFF,#C77CFF,0.502892844761841,0.406864573494172,1,4
#C77CFF,#C77CFF,0.757073091203721,0.39307881801944,1,4
#C77CFF,#C77CFF,0.523161152437258,0.294276864615756,1,4
#C77CFF,#C77CFF,0.524310500791011,0.43677464627311,1,4
#C77CFF,#C77CFF,0.662303472551178,0.350141470571893,1,4
#C77CFF,#C77CFF,0.511222833371755,0.483131872626235,1,4
#C77CFF,#C77CFF,0.764004927982868,0.425504006350896,1,4
#C77CFF,#C77CFF,0.601476082695673,0.219950131628936,1,4
#C77CFF,#C77CFF,0.662010094054766,0.248924138987436,1,4
#C77CFF,#C77CFF,0.623777640768247,0.385940816658844,1,4
#C77CFF,#C77CFF,0.503046203361389,0.313936912592921,1,4
#C77CFF,#C77CFF,0.603551439960987,0.438038592928868,1,4
#C77CFF,#C77CFF,0.582846990338552,0.410939636045208,1,4
#C77CFF,#C77CFF,0.622697680396858,0.180317438655652,1,4
#C77CFF,#C77CFF,0.539175874410897,0.298918856636121,1,4
#C77CFF,#C77CFF,0.587356406763293,0.405904481666405,1,4
#C77CFF,#C77CFF,0.727849538780284,0.358171712238539,1,4
#C77CFF,#C77CFF,0.736718893817406,0.326285807570181,1,4
#C77CFF,#C77CFF,0.639518117362513,0.462587416715533,1,4
#C77CFF,#C77CFF,0.718581718753361,0.384293526428627,1,4
#C77CFF,#C77CFF,0.708342239012896,0.417086874358651,1,4
#C77CFF,#C77CFF,0.643536557747307,0.365752476724623,1,4
#C77CFF,#C77CFF,0.662746338296262,0.456373583633289,1,4
#C77CFF,#C77CFF,0.51409388863487,0.369958617852947,1,4
#C77CFF,#C77CFF,0.572524989458733,0.313726863206679,1,4
#C77CFF,#C77CFF,0.758522990448127,0.388879024511713,1,4
#C77CFF,#C77CFF,0.515276430147434,0.32083425374865,1,4
#C77CFF,#C77CFF,0.539968749361359,0.180394413222353,1,4
#C77CFF,#C77CFF,0.739744479937538,0.329708053923946,1,4
#C77CFF,#C77CFF,0.641788002809182,0.400950185320744,1,4
#C77CFF,#C77CFF,0.694338001671076,0.475082510119767,1,4
#C77CFF,#C77CFF,0.52313531250022,0.44277605031779,1,4
#C77CFF,#C77CFF,0.630771028623595,0.456714397486329,1,4
#C77CFF,#C77CFF,0.689586036394109,0.500674866417393,1,4
#C77CFF,#C77CFF,0.614973816881769,0.390683513409252,1,4
#C77CFF,#C77CFF,0.776580848363507,0.486732865223606,1,4
#C77CFF,#C77CFF,0.735419283418258,0.407712143640327,1,4
#C77CFF,#C77CFF,0.50988222991033,0.363269513243883,1,4
#C77CFF,#C77CFF,0.691401877575004,0.482966818298843,1,4
#C77CFF,#C77CFF,0.563238974730805,0.394433911510684,1,4
#C77CFF,#C77CFF,0.508856987443247,0.429448487384469,1,4
#C77CFF,#C77CFF,0.695025563379619,0.37048634797961,1,4
#C77CFF,#C77CFF,0.642659875228553,0.494734900359746,1,4
#C77CFF,#C77CFF,0.619618860814194,0.351904713038421,1,4
#C77CFF,#C77CFF,0.566056382609932,0.383485684688059,1,4
#C77CFF,#C77CFF,0.555675239232545,0.459442442887273,1,4
#C77CFF,#C77CFF,0.669277438276801,0.440456034911821,1,4
#C77CFF,#C77CFF,0.564196607239385,0.346288950068146,1,4
#C77CFF,#C77CFF,0.622075425353382,0.453188943134647,1,4
#C77CFF,#C77CFF,0.528476680640644,0.372497738446729,1,4
#C77CFF,#C77CFF,0.634333498055004,0.338093608157668,1,4
#C77CFF,#C77CFF,0.598964178725062,0.355248143631145,1,4
#C77CFF,#C77CFF,0.688383226973104,0.475553194877668,1,4
#C77CFF,#C77CFF,0.639638663282606,0.0855385736950255,1,4
#C77CFF,#C77CFF,0.588581712993361,0.457816856797167,1,4
#C77CFF,#C77CFF,0.604196590343711,0.50309169204205,1,4
#C77CFF,#C77CFF,0.570395209781942,0.47920981834743,1,4
#C77CFF,#C77CFF,0.568309220480377,0.334921477523665,1,4
#C77CFF,#C77CFF,0.565619527162646,0.481733539810744,1,4
#C77CFF,#C77CFF,0.521414708834171,0.393844097266364,1,4
#C77CFF,#C77CFF,0.585372465297405,0.222222169451535,1,4
#C77CFF,#C77CFF,0.803721086713445,0.329478269997573,1,4
#C77CFF,#C77CFF,0.507528604166673,0.476254521882287,1,4
#C77CFF,#C77CFF,0.578002547000055,0.456911173057501,1,4
#C77CFF,#C77CFF,0.516284599494225,0.450025093719788,1,4
#C77CFF,#C77CFF,0.786449649451153,0.455613681135122,1,4
#C77CFF,#C77CFF,0.552781398461486,0.184906455454467,1,4
#C77CFF,#C77CFF,0.610017700746922,0.378207484217454,1,4
#C77CFF,#C77CFF,0.531600453107805,0.333314398391885,1,4
#C77CFF,#C77CFF,0.538688191060172,0.46453422397212,1,4
#C77CFF,#C77CFF,0.588050084416924,0.462143044175707,1,4
#C77CFF,#C77CFF,0.642803294491553,0.492852970003821,1,4
#C77CFF,#C77CFF,0.595571741045884,0.158738683973995,1,4
#C77CFF,#C77CFF,0.736134328022584,0.38867349354799,1,4
#C77CFF,#C77CFF,0.79373128883487,0.269022500544301,1,4
#C77CFF,#C77CFF,0.625442040665431,0.327592947524177,1,4
#C77CFF,#C77CFF,0.583398663952443,0.460174263239386,1,4
#C77CFF,#C77CFF,0.573238241334749,0.460364933026499,1,4
#C77CFF,#C77CFF,0.644087784442673,0.295559537529314,1,4
#C77CFF,#C77CFF,0.728078703183582,0.485234514089263,1,4
#C77CFF,#C77CFF,0.526867808596252,0.504954060563702,1,4
#C77CFF,#C77CFF,0.524731017921302,0.405570413669399,1,4
#C77CFF,#C77CFF,0.766490140110338,0.374607346121782,1,4
#C77CFF,#C77CFF,0.682516170820724,0.377355315596996,1,4
#C77CFF,#C77CFF,0.548976987797152,0.349669078756809,1,4
#C77CFF,#C77CFF,0.531025664056072,0.364438990641545,1,4
#C77CFF,#C77CFF,0.566461491915929,0.296616235835726,1,4
#C77CFF,#C77CFF,0.56855917507625,0.403232428511128,1,4
#C77CFF,#C77CFF,0.526762388437039,0.45802374273146,1,4
#C77CFF,#C77CFF,0.577391557324074,0.396072135265578,1,4
#C77CFF,#C77CFF,0.540357291292167,0.35696867126832,1,4
#C77CFF,#C77CFF,0.551198632798901,0.364700498647884,1,4
#C77CFF,#C77CFF,0.55000153369872,0.464197518477192,1,4
#C77CFF,#C77CFF,0.522378445039624,0.393734431273418,1,4
#C77CFF,#C77CFF,0.542191813307008,0.488479603285121,1,4
#C77CFF,#C77CFF,0.784560977136694,0.505622208669427,1,4
#C77CFF,#C77CFF,0.704295815572529,0.438201169452004,1,4
#C77CFF,#C77CFF,0.611266596463238,0.35962521613736,1,4
#C77CFF,#C77CFF,0.527723178956615,0.481868018842354,1,4
#C77CFF,#C77CFF,0.56938339171904,0.446151237307975,1,4
#C77CFF,#C77CFF,0.670988592764554,0.384127083521553,1,4
#C77CFF,#C77CFF,0.591575531000794,0.258608374520484,1,4
#C77CFF,#C77CFF,0.650990949929362,0.34425374895924,1,4
#C77CFF,#C77CFF,0.667733531110051,0.221618419706189,1,4
#C77CFF,#C77CFF,0.508140984043177,0.394223029781337,1,4
#C77CFF,#C77CFF,0.529486057900039,0.43790616194958,1,4
#C77CFF,#C77CFF,0.539500473715247,0.195056348998992,1,4
#C77CFF,#C77CFF,0.795749780569987,0.442948301731357,1,4
#C77CFF,#C77CFF,0.625512875407121,0.496293379392483,1,4
#C77CFF,#C77CFF,0.568109974143944,0.36481396738933,1,4
#C77CFF,#C77CFF,0.530537460688522,0.408918954987644,1,4
#C77CFF,#C77CFF,0.705475440544236,0.289647828148009,1,4
#C77CFF,#C77CFF,0.595343383118477,0.315729322888243,1,4
#C77CFF,#C77CFF,0.5617099554511,0.364054165712022,1,4
#C77CFF,#C77CFF,0.562189685528901,0.416954009091635,1,4
#C77CFF,#C77CFF,0.588995581539773,0.360796519709904,1,4
#C77CFF,#C77CFF,0.73259737902876,0.458326678245542,1,4
#C77CFF,#C77CFF,0.633279198605044,0.407470219723309,1,4
#C77CFF,#C77CFF,0.572165204095616,0.444856698637166,1,4
#C77CFF,#C77CFF,0.574536418524845,0.218467274818822,1,4
#C77CFF,#C77CFF,0.527493150966862,0.43387750580993,1,4
#C77CFF,#C77CFF,0.541315970774052,0.399529905272588,1,4
#C77CFF,#C77CFF,0.569951370805918,0.345182949396673,1,4
#C77CFF,#C77CFF,0.691419541910143,0.409517949064751,1,4
#C77CFF,#C77CFF,0.527552864442413,0.487833361750744,1,4
#C77CFF,#C77CFF,0.608031163179227,0.433565924593946,1,4
#C77CFF,#C77CFF,0.505473051135011,0.468990617035899,1,4
#C77CFF,#C77CFF,0.57428842361164,0.448240923997455,1,4
#C77CFF,#C77CFF,0.58299438899829,0.384602080822242,1,4
#C77CFF,#C77CFF,0.551611680579229,0.486529424953047,1,4
#C77CFF,#C77CFF,0.75479922508012,0.487345375876715,1,4
#C77CFF,#C77CFF,0.591301558675564,0.354694435198682,1,4
#C77CFF,#C77CFF,0.547135754122333,0.403557025216993,1,4
#C77CFF,#C77CFF,0.632476196951006,0.392521987819567,1,4
#C77CFF,#C77CFF,0.599514069856523,0.382842752495424,1,4
#C77CFF,#C77CFF,0.515606337505106,0.480224652181475,1,4
#C77CFF,#C77CFF,0.551933282588597,0.403400958570186,1,4
#C77CFF,#C77CFF,0.582943025504989,0.362287123071932,1,4
#C77CFF,#C77CFF,0.62394973249954,0.31309536173043,1,4
#C77CFF,#C77CFF,0.582080273969642,0.213810491709341,1,4
#C77CFF,#C77CFF,0.537495733386053,0.44191923466804,1,4
#C77CFF,#C77CFF,0.622285561534945,0.406527652206935,1,4
#C77CFF,#C77CFF,0.511022235889196,0.35397055879563,1,4
#C77CFF,#C77CFF,0.745594023937178,0.117842990971344,1,4
#C77CFF,#C77CFF,0.575568141151642,0.415726478852875,1,4
